Datum,Uhrzeit,Gesamt,
01.11.2022,00:00,11860.00,
01.11.2022,00:15,11717.00,
01.11.2022,00:30,11668.00,
01.11.2022,00:45,11608.00,
01.11.2022,01:00,11507.00,
01.11.2022,01:15,11392.00,
01.11.2022,01:30,11312.00,
01.11.2022,01:45,11185.00,
01.11.2022,02:00,11096.00,
01.11.2022,02:15,11055.00,
01.11.2022,02:30,10995.00,
01.11.2022,02:45,11027.00,
01.11.2022,03:00,11015.00,
01.11.2022,03:15,10998.00,
01.11.2022,03:30,11021.00,
01.11.2022,03:45,11018.00,
01.11.2022,04:00,11068.00,
01.11.2022,04:15,11136.00,
01.11.2022,04:30,11236.00,
01.11.2022,04:45,11360.00,
01.11.2022,05:00,11595.00,
01.11.2022,05:15,11657.00,
01.11.2022,05:30,11786.00,
01.11.2022,05:45,11985.00,
01.11.2022,06:00,12378.00,
01.11.2022,06:15,12536.00,
01.11.2022,06:30,12680.00,
01.11.2022,06:45,12829.00,
01.11.2022,07:00,13014.00,
01.11.2022,07:15,13037.00,
01.11.2022,07:30,13160.00,
01.11.2022,07:45,13309.00,
01.11.2022,08:00,13462.00,
01.11.2022,08:15,13623.00,
01.11.2022,08:30,13711.00,
01.11.2022,08:45,13890.00,
01.11.2022,09:00,14099.00,
01.11.2022,09:15,14082.00,
01.11.2022,09:30,14254.00,
01.11.2022,09:45,14381.00,
01.11.2022,10:00,14493.00,
01.11.2022,10:15,14609.00,
01.11.2022,10:30,14825.00,
01.11.2022,10:45,14966.00,
01.11.2022,11:00,15131.00,
01.11.2022,11:15,15116.00,
01.11.2022,11:30,15175.00,
01.11.2022,11:45,15115.00,
01.11.2022,12:00,15078.00,
01.11.2022,12:15,15062.00,
01.11.2022,12:30,14991.00,
01.11.2022,12:45,14894.00,
01.11.2022,13:00,14803.00,
01.11.2022,13:15,14638.00,
01.11.2022,13:30,14479.00,
01.11.2022,13:45,14345.00,
01.11.2022,14:00,14278.00,
01.11.2022,14:15,14199.00,
01.11.2022,14:30,14157.00,
01.11.2022,14:45,14069.00,
01.11.2022,15:00,14082.00,
01.11.2022,15:15,14009.00,
01.11.2022,15:30,13934.00,
01.11.2022,15:45,13872.00,
01.11.2022,16:00,13866.00,
01.11.2022,16:15,13897.00,
01.11.2022,16:30,13983.00,
01.11.2022,16:45,14132.00,
01.11.2022,17:00,14388.00,
01.11.2022,17:15,14613.00,
01.11.2022,17:30,14832.00,
01.11.2022,17:45,14892.00,
01.11.2022,18:00,14928.00,
01.11.2022,18:15,14896.00,
01.11.2022,18:30,14876.00,
01.11.2022,18:45,14816.00,
01.11.2022,19:00,14752.00,
01.11.2022,19:15,14667.00,
01.11.2022,19:30,14574.00,
01.11.2022,19:45,14447.00,
01.11.2022,20:00,14204.00,
01.11.2022,20:15,14016.00,
01.11.2022,20:30,13821.00,
01.11.2022,20:45,13676.00,
01.11.2022,21:00,13526.00,
01.11.2022,21:15,13402.00,
01.11.2022,21:30,13297.00,
01.11.2022,21:45,13193.00,
01.11.2022,22:00,13153.00,
01.11.2022,22:15,13069.00,
01.11.2022,22:30,12897.00,
01.11.2022,22:45,12765.00,
01.11.2022,23:00,12513.00,
01.11.2022,23:15,12367.00,
01.11.2022,23:30,12216.00,
01.11.2022,23:45,12048.00,
02.11.2022,00:00,12040.00,
02.11.2022,00:15,11912.00,
02.11.2022,00:30,11841.00,
02.11.2022,00:45,11828.00,
02.11.2022,01:00,11694.00,
02.11.2022,01:15,11595.00,
02.11.2022,01:30,11575.00,
02.11.2022,01:45,11462.00,
02.11.2022,02:00,11429.00,
02.11.2022,02:15,11352.00,
02.11.2022,02:30,11343.00,
02.11.2022,02:45,11366.00,
02.11.2022,03:00,11436.00,
02.11.2022,03:15,11479.00,
02.11.2022,03:30,11534.00,
02.11.2022,03:45,11603.00,
02.11.2022,04:00,11756.00,
02.11.2022,04:15,11782.00,
02.11.2022,04:30,11904.00,
02.11.2022,04:45,12067.00,
02.11.2022,05:00,12374.00,
02.11.2022,05:15,12451.00,
02.11.2022,05:30,12665.00,
02.11.2022,05:45,12998.00,
02.11.2022,06:00,13658.00,
02.11.2022,06:15,13932.00,
02.11.2022,06:30,14201.00,
02.11.2022,06:45,14408.00,
02.11.2022,07:00,14766.00,
02.11.2022,07:15,15044.00,
02.11.2022,07:30,15271.00,
02.11.2022,07:45,15401.00,
02.11.2022,08:00,15680.00,
02.11.2022,08:15,15815.00,
02.11.2022,08:30,15917.00,
02.11.2022,08:45,16001.00,
02.11.2022,09:00,15989.00,
02.11.2022,09:15,15998.00,
02.11.2022,09:30,16165.00,
02.11.2022,09:45,16239.00,
02.11.2022,10:00,16313.00,
02.11.2022,10:15,16433.00,
02.11.2022,10:30,16729.00,
02.11.2022,10:45,16853.00,
02.11.2022,11:00,16897.00,
02.11.2022,11:15,16909.00,
02.11.2022,11:30,16971.00,
02.11.2022,11:45,16974.00,
02.11.2022,12:00,16911.00,
02.11.2022,12:15,16857.00,
02.11.2022,12:30,16820.00,
02.11.2022,12:45,16780.00,
02.11.2022,13:00,16744.00,
02.11.2022,13:15,16643.00,
02.11.2022,13:30,16438.00,
02.11.2022,13:45,16294.00,
02.11.2022,14:00,16343.00,
02.11.2022,14:15,16212.00,
02.11.2022,14:30,16090.00,
02.11.2022,14:45,16000.00,
02.11.2022,15:00,15992.00,
02.11.2022,15:15,15844.00,
02.11.2022,15:30,15774.00,
02.11.2022,15:45,15661.00,
02.11.2022,16:00,15589.00,
02.11.2022,16:15,15489.00,
02.11.2022,16:30,15500.00,
02.11.2022,16:45,15555.00,
02.11.2022,17:00,15697.00,
02.11.2022,17:15,15752.00,
02.11.2022,17:30,15883.00,
02.11.2022,17:45,15883.00,
02.11.2022,18:00,15959.00,
02.11.2022,18:15,16021.00,
02.11.2022,18:30,16119.00,
02.11.2022,18:45,16112.00,
02.11.2022,19:00,16040.00,
02.11.2022,19:15,15911.00,
02.11.2022,19:30,15741.00,
02.11.2022,19:45,15532.00,
02.11.2022,20:00,15230.00,
02.11.2022,20:15,14985.00,
02.11.2022,20:30,14776.00,
02.11.2022,20:45,14649.00,
02.11.2022,21:00,14410.00,
02.11.2022,21:15,14217.00,
02.11.2022,21:30,14088.00,
02.11.2022,21:45,13917.00,
02.11.2022,22:00,13764.00,
02.11.2022,22:15,13611.00,
02.11.2022,22:30,13388.00,
02.11.2022,22:45,13212.00,
02.11.2022,23:00,12950.00,
02.11.2022,23:15,12743.00,
02.11.2022,23:30,12618.00,
02.11.2022,23:45,12452.00,
03.11.2022,00:00,12361.00,
03.11.2022,00:15,12269.00,
03.11.2022,00:30,12237.00,
03.11.2022,00:45,12121.00,
03.11.2022,01:00,12033.00,
03.11.2022,01:15,11957.00,
03.11.2022,01:30,11908.00,
03.11.2022,01:45,11818.00,
03.11.2022,02:00,11836.00,
03.11.2022,02:15,11818.00,
03.11.2022,02:30,11802.00,
03.11.2022,02:45,11866.00,
03.11.2022,03:00,11929.00,
03.11.2022,03:15,11962.00,
03.11.2022,03:30,12003.00,
03.11.2022,03:45,12030.00,
03.11.2022,04:00,12138.00,
03.11.2022,04:15,12226.00,
03.11.2022,04:30,12375.00,
03.11.2022,04:45,12562.00,
03.11.2022,05:00,12937.00,
03.11.2022,05:15,13110.00,
03.11.2022,05:30,13404.00,
03.11.2022,05:45,13776.00,
03.11.2022,06:00,14580.00,
03.11.2022,06:15,14847.00,
03.11.2022,06:30,15196.00,
03.11.2022,06:45,15498.00,
03.11.2022,07:00,15810.00,
03.11.2022,07:15,16072.00,
03.11.2022,07:30,16312.00,
03.11.2022,07:45,16429.00,
03.11.2022,08:00,16668.00,
03.11.2022,08:15,16786.00,
03.11.2022,08:30,16865.00,
03.11.2022,08:45,16914.00,
03.11.2022,09:00,16882.00,
03.11.2022,09:15,16858.00,
03.11.2022,09:30,16984.00,
03.11.2022,09:45,17049.00,
03.11.2022,10:00,17138.00,
03.11.2022,10:15,17277.00,
03.11.2022,10:30,17494.00,
03.11.2022,10:45,17566.00,
03.11.2022,11:00,17615.00,
03.11.2022,11:15,17643.00,
03.11.2022,11:30,17681.00,
03.11.2022,11:45,17669.00,
03.11.2022,12:00,17679.00,
03.11.2022,12:15,17628.00,
03.11.2022,12:30,17595.00,
03.11.2022,12:45,17579.00,
03.11.2022,13:00,17519.00,
03.11.2022,13:15,17439.00,
03.11.2022,13:30,17218.00,
03.11.2022,13:45,17049.00,
03.11.2022,14:00,17086.00,
03.11.2022,14:15,16969.00,
03.11.2022,14:30,16838.00,
03.11.2022,14:45,16754.00,
03.11.2022,15:00,16762.00,
03.11.2022,15:15,16599.00,
03.11.2022,15:30,16471.00,
03.11.2022,15:45,16346.00,
03.11.2022,16:00,16290.00,
03.11.2022,16:15,16229.00,
03.11.2022,16:30,16222.00,
03.11.2022,16:45,16262.00,
03.11.2022,17:00,16394.00,
03.11.2022,17:15,16479.00,
03.11.2022,17:30,16595.00,
03.11.2022,17:45,16619.00,
03.11.2022,18:00,16660.00,
03.11.2022,18:15,16735.00,
03.11.2022,18:30,16804.00,
03.11.2022,18:45,16786.00,
03.11.2022,19:00,16676.00,
03.11.2022,19:15,16557.00,
03.11.2022,19:30,16410.00,
03.11.2022,19:45,16201.00,
03.11.2022,20:00,15887.00,
03.11.2022,20:15,15619.00,
03.11.2022,20:30,15366.00,
03.11.2022,20:45,15221.00,
03.11.2022,21:00,14947.00,
03.11.2022,21:15,14749.00,
03.11.2022,21:30,14597.00,
03.11.2022,21:45,14434.00,
03.11.2022,22:00,14228.00,
03.11.2022,22:15,14077.00,
03.11.2022,22:30,13835.00,
03.11.2022,22:45,13643.00,
03.11.2022,23:00,13372.00,
03.11.2022,23:15,13188.00,
03.11.2022,23:30,13051.00,
03.11.2022,23:45,12891.00,
04.11.2022,00:00,12560.00,
04.11.2022,00:15,12438.00,
04.11.2022,00:30,12415.00,
04.11.2022,00:45,12341.00,
04.11.2022,01:00,12202.00,
04.11.2022,01:15,12149.00,
04.11.2022,01:30,12070.00,
04.11.2022,01:45,11993.00,
04.11.2022,02:00,11920.00,
04.11.2022,02:15,11948.00,
04.11.2022,02:30,11911.00,
04.11.2022,02:45,11987.00,
04.11.2022,03:00,12061.00,
04.11.2022,03:15,12047.00,
04.11.2022,03:30,12099.00,
04.11.2022,03:45,12193.00,
04.11.2022,04:00,12330.00,
04.11.2022,04:15,12400.00,
04.11.2022,04:30,12509.00,
04.11.2022,04:45,12661.00,
04.11.2022,05:00,12997.00,
04.11.2022,05:15,13137.00,
04.11.2022,05:30,13415.00,
04.11.2022,05:45,13765.00,
04.11.2022,06:00,14552.00,
04.11.2022,06:15,14843.00,
04.11.2022,06:30,15187.00,
04.11.2022,06:45,15462.00,
04.11.2022,07:00,15803.00,
04.11.2022,07:15,16073.00,
04.11.2022,07:30,16226.00,
04.11.2022,07:45,16559.00,
04.11.2022,08:00,16826.00,
04.11.2022,08:15,16977.00,
04.11.2022,08:30,17064.00,
04.11.2022,08:45,17117.00,
04.11.2022,09:00,17075.00,
04.11.2022,09:15,17114.00,
04.11.2022,09:30,17281.00,
04.11.2022,09:45,17354.00,
04.11.2022,10:00,17462.00,
04.11.2022,10:15,17550.00,
04.11.2022,10:30,17611.00,
04.11.2022,10:45,17698.00,
04.11.2022,11:00,17762.00,
04.11.2022,11:15,17852.00,
04.11.2022,11:30,17912.00,
04.11.2022,11:45,17942.00,
04.11.2022,12:00,17865.00,
04.11.2022,12:15,17727.00,
04.11.2022,12:30,17687.00,
04.11.2022,12:45,17578.00,
04.11.2022,13:00,17523.00,
04.11.2022,13:15,17323.00,
04.11.2022,13:30,17139.00,
04.11.2022,13:45,17035.00,
04.11.2022,14:00,16828.00,
04.11.2022,14:15,16746.00,
04.11.2022,14:30,16657.00,
04.11.2022,14:45,16505.00,
04.11.2022,15:00,16486.00,
04.11.2022,15:15,16370.00,
04.11.2022,15:30,16271.00,
04.11.2022,15:45,16163.00,
04.11.2022,16:00,16092.00,
04.11.2022,16:15,16104.00,
04.11.2022,16:30,16173.00,
04.11.2022,16:45,16239.00,
04.11.2022,17:00,16446.00,
04.11.2022,17:15,16599.00,
04.11.2022,17:30,16731.00,
04.11.2022,17:45,16794.00,
04.11.2022,18:00,16721.00,
04.11.2022,18:15,16687.00,
04.11.2022,18:30,16587.00,
04.11.2022,18:45,16572.00,
04.11.2022,19:00,16459.00,
04.11.2022,19:15,16332.00,
04.11.2022,19:30,16206.00,
04.11.2022,19:45,16083.00,
04.11.2022,20:00,15724.00,
04.11.2022,20:15,15409.00,
04.11.2022,20:30,15143.00,
04.11.2022,20:45,14936.00,
04.11.2022,21:00,14737.00,
04.11.2022,21:15,14519.00,
04.11.2022,21:30,14261.00,
04.11.2022,21:45,14108.00,
04.11.2022,22:00,13916.00,
04.11.2022,22:15,13744.00,
04.11.2022,22:30,13562.00,
04.11.2022,22:45,13355.00,
04.11.2022,23:00,13114.00,
04.11.2022,23:15,12963.00,
04.11.2022,23:30,12826.00,
04.11.2022,23:45,12695.00,
05.11.2022,00:00,12174.00,
05.11.2022,00:15,11981.00,
05.11.2022,00:30,11944.00,
05.11.2022,00:45,11881.00,
05.11.2022,01:00,11740.00,
05.11.2022,01:15,11675.00,
05.11.2022,01:30,11556.00,
05.11.2022,01:45,11440.00,
05.11.2022,02:00,11349.00,
05.11.2022,02:15,11343.00,
05.11.2022,02:30,11292.00,
05.11.2022,02:45,11311.00,
05.11.2022,03:00,11293.00,
05.11.2022,03:15,11290.00,
05.11.2022,03:30,11295.00,
05.11.2022,03:45,11350.00,
05.11.2022,04:00,11395.00,
05.11.2022,04:15,11369.00,
05.11.2022,04:30,11420.00,
05.11.2022,04:45,11498.00,
05.11.2022,05:00,11622.00,
05.11.2022,05:15,11642.00,
05.11.2022,05:30,11691.00,
05.11.2022,05:45,11775.00,
05.11.2022,06:00,12006.00,
05.11.2022,06:15,11994.00,
05.11.2022,06:30,12107.00,
05.11.2022,06:45,12172.00,
05.11.2022,07:00,12366.00,
05.11.2022,07:15,12484.00,
05.11.2022,07:30,12655.00,
05.11.2022,07:45,12851.00,
05.11.2022,08:00,13059.00,
05.11.2022,08:15,13259.00,
05.11.2022,08:30,13477.00,
05.11.2022,08:45,13656.00,
05.11.2022,09:00,13811.00,
05.11.2022,09:15,13908.00,
05.11.2022,09:30,14166.00,
05.11.2022,09:45,14304.00,
05.11.2022,10:00,14408.00,
05.11.2022,10:15,14516.00,
05.11.2022,10:30,14614.00,
05.11.2022,10:45,14644.00,
05.11.2022,11:00,14754.00,
05.11.2022,11:15,14882.00,
05.11.2022,11:30,14886.00,
05.11.2022,11:45,14853.00,
05.11.2022,12:00,14766.00,
05.11.2022,12:15,14734.00,
05.11.2022,12:30,14630.00,
05.11.2022,12:45,14544.00,
05.11.2022,13:00,14433.00,
05.11.2022,13:15,14321.00,
05.11.2022,13:30,14213.00,
05.11.2022,13:45,14077.00,
05.11.2022,14:00,14040.00,
05.11.2022,14:15,13974.00,
05.11.2022,14:30,13872.00,
05.11.2022,14:45,13803.00,
05.11.2022,15:00,13804.00,
05.11.2022,15:15,13765.00,
05.11.2022,15:30,13748.00,
05.11.2022,15:45,13639.00,
05.11.2022,16:00,13650.00,
05.11.2022,16:15,13681.00,
05.11.2022,16:30,13690.00,
05.11.2022,16:45,13764.00,
05.11.2022,17:00,14009.00,
05.11.2022,17:15,14135.00,
05.11.2022,17:30,14306.00,
05.11.2022,17:45,14431.00,
05.11.2022,18:00,14514.00,
05.11.2022,18:15,14600.00,
05.11.2022,18:30,14610.00,
05.11.2022,18:45,14543.00,
05.11.2022,19:00,14468.00,
05.11.2022,19:15,14318.00,
05.11.2022,19:30,14173.00,
05.11.2022,19:45,13969.00,
05.11.2022,20:00,13707.00,
05.11.2022,20:15,13483.00,
05.11.2022,20:30,13280.00,
05.11.2022,20:45,13124.00,
05.11.2022,21:00,12998.00,
05.11.2022,21:15,12838.00,
05.11.2022,21:30,12654.00,
05.11.2022,21:45,12606.00,
05.11.2022,22:00,12523.00,
05.11.2022,22:15,12438.00,
05.11.2022,22:30,12276.00,
05.11.2022,22:45,12107.00,
05.11.2022,23:00,11905.00,
05.11.2022,23:15,11824.00,
05.11.2022,23:30,11706.00,
05.11.2022,23:45,11601.00,
06.11.2022,00:00,11210.00,
06.11.2022,00:15,11114.00,
06.11.2022,00:30,11119.00,
06.11.2022,00:45,11068.00,
06.11.2022,01:00,10920.00,
06.11.2022,01:15,10887.00,
06.11.2022,01:30,10834.00,
06.11.2022,01:45,10785.00,
06.11.2022,02:00,10729.00,
06.11.2022,02:15,10739.00,
06.11.2022,02:30,10674.00,
06.11.2022,02:45,10746.00,
06.11.2022,03:00,10715.00,
06.11.2022,03:15,10723.00,
06.11.2022,03:30,10737.00,
06.11.2022,03:45,10802.00,
06.11.2022,04:00,10854.00,
06.11.2022,04:15,10874.00,
06.11.2022,04:30,10932.00,
06.11.2022,04:45,10984.00,
06.11.2022,05:00,11113.00,
06.11.2022,05:15,11093.00,
06.11.2022,05:30,11131.00,
06.11.2022,05:45,11200.00,
06.11.2022,06:00,11395.00,
06.11.2022,06:15,11333.00,
06.11.2022,06:30,11387.00,
06.11.2022,06:45,11440.00,
06.11.2022,07:00,11569.00,
06.11.2022,07:15,11614.00,
06.11.2022,07:30,11807.00,
06.11.2022,07:45,11988.00,
06.11.2022,08:00,12191.00,
06.11.2022,08:15,12371.00,
06.11.2022,08:30,12600.00,
06.11.2022,08:45,12821.00,
06.11.2022,09:00,12937.00,
06.11.2022,09:15,13062.00,
06.11.2022,09:30,13275.00,
06.11.2022,09:45,13450.00,
06.11.2022,10:00,13442.00,
06.11.2022,10:15,13638.00,
06.11.2022,10:30,13817.00,
06.11.2022,10:45,13887.00,
06.11.2022,11:00,14079.00,
06.11.2022,11:15,14181.00,
06.11.2022,11:30,14195.00,
06.11.2022,11:45,14151.00,
06.11.2022,12:00,14117.00,
06.11.2022,12:15,14012.00,
06.11.2022,12:30,13905.00,
06.11.2022,12:45,13776.00,
06.11.2022,13:00,13682.00,
06.11.2022,13:15,13490.00,
06.11.2022,13:30,13313.00,
06.11.2022,13:45,13168.00,
06.11.2022,14:00,13174.00,
06.11.2022,14:15,13115.00,
06.11.2022,14:30,13045.00,
06.11.2022,14:45,12993.00,
06.11.2022,15:00,12968.00,
06.11.2022,15:15,12914.00,
06.11.2022,15:30,12931.00,
06.11.2022,15:45,12948.00,
06.11.2022,16:00,12986.00,
06.11.2022,16:15,13054.00,
06.11.2022,16:30,13159.00,
06.11.2022,16:45,13275.00,
06.11.2022,17:00,13702.00,
06.11.2022,17:15,13942.00,
06.11.2022,17:30,14118.00,
06.11.2022,17:45,14202.00,
06.11.2022,18:00,14235.00,
06.11.2022,18:15,14196.00,
06.11.2022,18:30,14173.00,
06.11.2022,18:45,14108.00,
06.11.2022,19:00,14017.00,
06.11.2022,19:15,13873.00,
06.11.2022,19:30,13811.00,
06.11.2022,19:45,13655.00,
06.11.2022,20:00,13490.00,
06.11.2022,20:15,13337.00,
06.11.2022,20:30,13207.00,
06.11.2022,20:45,13082.00,
06.11.2022,21:00,12996.00,
06.11.2022,21:15,12912.00,
06.11.2022,21:30,12834.00,
06.11.2022,21:45,12841.00,
06.11.2022,22:00,12791.00,
06.11.2022,22:15,12722.00,
06.11.2022,22:30,12589.00,
06.11.2022,22:45,12513.00,
06.11.2022,23:00,12290.00,
06.11.2022,23:15,12239.00,
06.11.2022,23:30,12137.00,
06.11.2022,23:45,12011.00,
07.11.2022,00:00,12053.00,
07.11.2022,00:15,11952.00,
07.11.2022,00:30,11922.00,
07.11.2022,00:45,11929.00,
07.11.2022,01:00,11844.00,
07.11.2022,01:15,11804.00,
07.11.2022,01:30,11759.00,
07.11.2022,01:45,11710.00,
07.11.2022,02:00,11657.00,
07.11.2022,02:15,11677.00,
07.11.2022,02:30,11686.00,
07.11.2022,02:45,11723.00,
07.11.2022,03:00,11777.00,
07.11.2022,03:15,11778.00,
07.11.2022,03:30,11827.00,
07.11.2022,03:45,11889.00,
07.11.2022,04:00,12041.00,
07.11.2022,04:15,12104.00,
07.11.2022,04:30,12260.00,
07.11.2022,04:45,12477.00,
07.11.2022,05:00,12891.00,
07.11.2022,05:15,13052.00,
07.11.2022,05:30,13383.00,
07.11.2022,05:45,13811.00,
07.11.2022,06:00,14617.00,
07.11.2022,06:15,14965.00,
07.11.2022,06:30,15400.00,
07.11.2022,06:45,15682.00,
07.11.2022,07:00,16181.00,
07.11.2022,07:15,16377.00,
07.11.2022,07:30,16660.00,
07.11.2022,07:45,16771.00,
07.11.2022,08:00,17001.00,
07.11.2022,08:15,17095.00,
07.11.2022,08:30,17175.00,
07.11.2022,08:45,17277.00,
07.11.2022,09:00,17237.00,
07.11.2022,09:15,17242.00,
07.11.2022,09:30,17339.00,
07.11.2022,09:45,17410.00,
07.11.2022,10:00,17478.00,
07.11.2022,10:15,17514.00,
07.11.2022,10:30,17635.00,
07.11.2022,10:45,17720.00,
07.11.2022,11:00,17822.00,
07.11.2022,11:15,17914.00,
07.11.2022,11:30,17911.00,
07.11.2022,11:45,17918.00,
07.11.2022,12:00,17866.00,
07.11.2022,12:15,17827.00,
07.11.2022,12:30,17797.00,
07.11.2022,12:45,17799.00,
07.11.2022,13:00,17807.00,
07.11.2022,13:15,17638.00,
07.11.2022,13:30,17476.00,
07.11.2022,13:45,17319.00,
07.11.2022,14:00,17371.00,
07.11.2022,14:15,17338.00,
07.11.2022,14:30,17229.00,
07.11.2022,14:45,17283.00,
07.11.2022,15:00,17326.00,
07.11.2022,15:15,17241.00,
07.11.2022,15:30,17163.00,
07.11.2022,15:45,17007.00,
07.11.2022,16:00,16830.00,
07.11.2022,16:15,16807.00,
07.11.2022,16:30,16819.00,
07.11.2022,16:45,16775.00,
07.11.2022,17:00,16890.00,
07.11.2022,17:15,16957.00,
07.11.2022,17:30,17058.00,
07.11.2022,17:45,17080.00,
07.11.2022,18:00,17043.00,
07.11.2022,18:15,17123.00,
07.11.2022,18:30,17190.00,
07.11.2022,18:45,17186.00,
07.11.2022,19:00,17042.00,
07.11.2022,19:15,16930.00,
07.11.2022,19:30,16825.00,
07.11.2022,19:45,16627.00,
07.11.2022,20:00,16331.00,
07.11.2022,20:15,16021.00,
07.11.2022,20:30,15818.00,
07.11.2022,20:45,15700.00,
07.11.2022,21:00,15464.00,
07.11.2022,21:15,15359.00,
07.11.2022,21:30,15115.00,
07.11.2022,21:45,14915.00,
07.11.2022,22:00,14777.00,
07.11.2022,22:15,14665.00,
07.11.2022,22:30,14459.00,
07.11.2022,22:45,14235.00,
07.11.2022,23:00,13899.00,
07.11.2022,23:15,13814.00,
07.11.2022,23:30,13688.00,
07.11.2022,23:45,13525.00,
08.11.2022,00:00,12791.00,
08.11.2022,00:15,12699.00,
08.11.2022,00:30,12657.00,
08.11.2022,00:45,12558.00,
08.11.2022,01:00,12468.00,
08.11.2022,01:15,12390.00,
08.11.2022,01:30,12337.00,
08.11.2022,01:45,12248.00,
08.11.2022,02:00,12187.00,
08.11.2022,02:15,12171.00,
08.11.2022,02:30,12199.00,
08.11.2022,02:45,12235.00,
08.11.2022,03:00,12236.00,
08.11.2022,03:15,12278.00,
08.11.2022,03:30,12347.00,
08.11.2022,03:45,12424.00,
08.11.2022,04:00,12547.00,
08.11.2022,04:15,12599.00,
08.11.2022,04:30,12738.00,
08.11.2022,04:45,12947.00,
08.11.2022,05:00,13385.00,
08.11.2022,05:15,13558.00,
08.11.2022,05:30,13835.00,
08.11.2022,05:45,14128.00,
08.11.2022,06:00,14956.00,
08.11.2022,06:15,15274.00,
08.11.2022,06:30,15611.00,
08.11.2022,06:45,15849.00,
08.11.2022,07:00,16204.00,
08.11.2022,07:15,16479.00,
08.11.2022,07:30,16719.00,
08.11.2022,07:45,16838.00,
08.11.2022,08:00,17057.00,
08.11.2022,08:15,17122.00,
08.11.2022,08:30,17198.00,
08.11.2022,08:45,17323.00,
08.11.2022,09:00,17274.00,
08.11.2022,09:15,17266.00,
08.11.2022,09:30,17382.00,
08.11.2022,09:45,17475.00,
08.11.2022,10:00,17534.00,
08.11.2022,10:15,17566.00,
08.11.2022,10:30,17706.00,
08.11.2022,10:45,17818.00,
08.11.2022,11:00,17901.00,
08.11.2022,11:15,17961.00,
08.11.2022,11:30,17965.00,
08.11.2022,11:45,17983.00,
08.11.2022,12:00,17911.00,
08.11.2022,12:15,17883.00,
08.11.2022,12:30,17841.00,
08.11.2022,12:45,17823.00,
08.11.2022,13:00,17861.00,
08.11.2022,13:15,17706.00,
08.11.2022,13:30,17500.00,
08.11.2022,13:45,17341.00,
08.11.2022,14:00,17373.00,
08.11.2022,14:15,17323.00,
08.11.2022,14:30,17240.00,
08.11.2022,14:45,17178.00,
08.11.2022,15:00,17166.00,
08.11.2022,15:15,17088.00,
08.11.2022,15:30,16969.00,
08.11.2022,15:45,16811.00,
08.11.2022,16:00,16752.00,
08.11.2022,16:15,16714.00,
08.11.2022,16:30,16705.00,
08.11.2022,16:45,16689.00,
08.11.2022,17:00,16716.00,
08.11.2022,17:15,16723.00,
08.11.2022,17:30,16811.00,
08.11.2022,17:45,16834.00,
08.11.2022,18:00,16802.00,
08.11.2022,18:15,16856.00,
08.11.2022,18:30,16933.00,
08.11.2022,18:45,16937.00,
08.11.2022,19:00,16825.00,
08.11.2022,19:15,16715.00,
08.11.2022,19:30,16616.00,
08.11.2022,19:45,16460.00,
08.11.2022,20:00,16204.00,
08.11.2022,20:15,15885.00,
08.11.2022,20:30,15710.00,
08.11.2022,20:45,15551.00,
08.11.2022,21:00,15300.00,
08.11.2022,21:15,15140.00,
08.11.2022,21:30,14882.00,
08.11.2022,21:45,14726.00,
08.11.2022,22:00,14577.00,
08.11.2022,22:15,14444.00,
08.11.2022,22:30,14214.00,
08.11.2022,22:45,14016.00,
08.11.2022,23:00,13699.00,
08.11.2022,23:15,13600.00,
08.11.2022,23:30,13438.00,
08.11.2022,23:45,13269.00,
09.11.2022,00:00,12729.00,
09.11.2022,00:15,12657.00,
09.11.2022,00:30,12598.00,
09.11.2022,00:45,12521.00,
09.11.2022,01:00,12325.00,
09.11.2022,01:15,12268.00,
09.11.2022,01:30,12229.00,
09.11.2022,01:45,12139.00,
09.11.2022,02:00,12165.00,
09.11.2022,02:15,12158.00,
09.11.2022,02:30,12190.00,
09.11.2022,02:45,12237.00,
09.11.2022,03:00,12271.00,
09.11.2022,03:15,12292.00,
09.11.2022,03:30,12358.00,
09.11.2022,03:45,12409.00,
09.11.2022,04:00,12503.00,
09.11.2022,04:15,12583.00,
09.11.2022,04:30,12718.00,
09.11.2022,04:45,12883.00,
09.11.2022,05:00,13258.00,
09.11.2022,05:15,13420.00,
09.11.2022,05:30,13695.00,
09.11.2022,05:45,14010.00,
09.11.2022,06:00,14783.00,
09.11.2022,06:15,15113.00,
09.11.2022,06:30,15486.00,
09.11.2022,06:45,15715.00,
09.11.2022,07:00,16051.00,
09.11.2022,07:15,16186.00,
09.11.2022,07:30,16386.00,
09.11.2022,07:45,16556.00,
09.11.2022,08:00,16848.00,
09.11.2022,08:15,16917.00,
09.11.2022,08:30,16962.00,
09.11.2022,08:45,17010.00,
09.11.2022,09:00,17017.00,
09.11.2022,09:15,17069.00,
09.11.2022,09:30,17157.00,
09.11.2022,09:45,17276.00,
09.11.2022,10:00,17331.00,
09.11.2022,10:15,17375.00,
09.11.2022,10:30,17479.00,
09.11.2022,10:45,17573.00,
09.11.2022,11:00,17680.00,
09.11.2022,11:15,17718.00,
09.11.2022,11:30,17768.00,
09.11.2022,11:45,17818.00,
09.11.2022,12:00,17750.00,
09.11.2022,12:15,17690.00,
09.11.2022,12:30,17650.00,
09.11.2022,12:45,17598.00,
09.11.2022,13:00,17589.00,
09.11.2022,13:15,17532.00,
09.11.2022,13:30,17340.00,
09.11.2022,13:45,17122.00,
09.11.2022,14:00,17100.00,
09.11.2022,14:15,17044.00,
09.11.2022,14:30,16912.00,
09.11.2022,14:45,16788.00,
09.11.2022,15:00,16758.00,
09.11.2022,15:15,16612.00,
09.11.2022,15:30,16522.00,
09.11.2022,15:45,16376.00,
09.11.2022,16:00,16411.00,
09.11.2022,16:15,16396.00,
09.11.2022,16:30,16420.00,
09.11.2022,16:45,16465.00,
09.11.2022,17:00,16675.00,
09.11.2022,17:15,16802.00,
09.11.2022,17:30,16927.00,
09.11.2022,17:45,16942.00,
09.11.2022,18:00,16874.00,
09.11.2022,18:15,16814.00,
09.11.2022,18:30,16803.00,
09.11.2022,18:45,16793.00,
09.11.2022,19:00,16730.00,
09.11.2022,19:15,16604.00,
09.11.2022,19:30,16481.00,
09.11.2022,19:45,16343.00,
09.11.2022,20:00,16125.00,
09.11.2022,20:15,15852.00,
09.11.2022,20:30,15650.00,
09.11.2022,20:45,15474.00,
09.11.2022,21:00,15261.00,
09.11.2022,21:15,15050.00,
09.11.2022,21:30,14838.00,
09.11.2022,21:45,14704.00,
09.11.2022,22:00,14518.00,
09.11.2022,22:15,14345.00,
09.11.2022,22:30,14064.00,
09.11.2022,22:45,13876.00,
09.11.2022,23:00,13594.00,
09.11.2022,23:15,13469.00,
09.11.2022,23:30,13343.00,
09.11.2022,23:45,13180.00,
10.11.2022,00:00,12799.00,
10.11.2022,00:15,12659.00,
10.11.2022,00:30,12602.00,
10.11.2022,00:45,12555.00,
10.11.2022,01:00,12412.00,
10.11.2022,01:15,12344.00,
10.11.2022,01:30,12276.00,
10.11.2022,01:45,12176.00,
10.11.2022,02:00,12189.00,
10.11.2022,02:15,12176.00,
10.11.2022,02:30,12194.00,
10.11.2022,02:45,12249.00,
10.11.2022,03:00,12256.00,
10.11.2022,03:15,12286.00,
10.11.2022,03:30,12314.00,
10.11.2022,03:45,12347.00,
10.11.2022,04:00,12469.00,
10.11.2022,04:15,12539.00,
10.11.2022,04:30,12616.00,
10.11.2022,04:45,12789.00,
10.11.2022,05:00,13245.00,
10.11.2022,05:15,13392.00,
10.11.2022,05:30,13639.00,
10.11.2022,05:45,13926.00,
10.11.2022,06:00,14726.00,
10.11.2022,06:15,15025.00,
10.11.2022,06:30,15360.00,
10.11.2022,06:45,15659.00,
10.11.2022,07:00,15991.00,
10.11.2022,07:15,16125.00,
10.11.2022,07:30,16302.00,
10.11.2022,07:45,16459.00,
10.11.2022,08:00,16681.00,
10.11.2022,08:15,16763.00,
10.11.2022,08:30,16848.00,
10.11.2022,08:45,17051.00,
10.11.2022,09:00,17077.00,
10.11.2022,09:15,17062.00,
10.11.2022,09:30,17196.00,
10.11.2022,09:45,17318.00,
10.11.2022,10:00,17374.00,
10.11.2022,10:15,17376.00,
10.11.2022,10:30,17546.00,
10.11.2022,10:45,17658.00,
10.11.2022,11:00,17797.00,
10.11.2022,11:15,17812.00,
10.11.2022,11:30,17831.00,
10.11.2022,11:45,17828.00,
10.11.2022,12:00,17822.00,
10.11.2022,12:15,17766.00,
10.11.2022,12:30,17726.00,
10.11.2022,12:45,17617.00,
10.11.2022,13:00,17611.00,
10.11.2022,13:15,17522.00,
10.11.2022,13:30,17355.00,
10.11.2022,13:45,17188.00,
10.11.2022,14:00,17195.00,
10.11.2022,14:15,17096.00,
10.11.2022,14:30,16992.00,
10.11.2022,14:45,16894.00,
10.11.2022,15:00,16889.00,
10.11.2022,15:15,16771.00,
10.11.2022,15:30,16667.00,
10.11.2022,15:45,16598.00,
10.11.2022,16:00,16688.00,
10.11.2022,16:15,16526.00,
10.11.2022,16:30,16569.00,
10.11.2022,16:45,16704.00,
10.11.2022,17:00,16973.00,
10.11.2022,17:15,17104.00,
10.11.2022,17:30,17194.00,
10.11.2022,17:45,17188.00,
10.11.2022,18:00,17046.00,
10.11.2022,18:15,16987.00,
10.11.2022,18:30,16975.00,
10.11.2022,18:45,16942.00,
10.11.2022,19:00,16786.00,
10.11.2022,19:15,16650.00,
10.11.2022,19:30,16568.00,
10.11.2022,19:45,16405.00,
10.11.2022,20:00,16126.00,
10.11.2022,20:15,15910.00,
10.11.2022,20:30,15681.00,
10.11.2022,20:45,15544.00,
10.11.2022,21:00,15345.00,
10.11.2022,21:15,15171.00,
10.11.2022,21:30,14957.00,
10.11.2022,21:45,14794.00,
10.11.2022,22:00,14570.00,
10.11.2022,22:15,14418.00,
10.11.2022,22:30,14167.00,
10.11.2022,22:45,13976.00,
10.11.2022,23:00,13689.00,
10.11.2022,23:15,13563.00,
10.11.2022,23:30,13439.00,
10.11.2022,23:45,13290.00,
11.11.2022,00:00,12738.00,
11.11.2022,00:15,12606.00,
11.11.2022,00:30,12593.00,
11.11.2022,00:45,12508.00,
11.11.2022,01:00,12307.00,
11.11.2022,01:15,12254.00,
11.11.2022,01:30,12213.00,
11.11.2022,01:45,12177.00,
11.11.2022,02:00,12082.00,
11.11.2022,02:15,12178.00,
11.11.2022,02:30,12156.00,
11.11.2022,02:45,12241.00,
11.11.2022,03:00,12245.00,
11.11.2022,03:15,12240.00,
11.11.2022,03:30,12253.00,
11.11.2022,03:45,12312.00,
11.11.2022,04:00,12479.00,
11.11.2022,04:15,12565.00,
11.11.2022,04:30,12677.00,
11.11.2022,04:45,12840.00,
11.11.2022,05:00,13191.00,
11.11.2022,05:15,13310.00,
11.11.2022,05:30,13564.00,
11.11.2022,05:45,13913.00,
11.11.2022,06:00,14605.00,
11.11.2022,06:15,14860.00,
11.11.2022,06:30,15131.00,
11.11.2022,06:45,15416.00,
11.11.2022,07:00,15694.00,
11.11.2022,07:15,16096.00,
11.11.2022,07:30,16232.00,
11.11.2022,07:45,16411.00,
11.11.2022,08:00,16706.00,
11.11.2022,08:15,16972.00,
11.11.2022,08:30,17031.00,
11.11.2022,08:45,17078.00,
11.11.2022,09:00,17047.00,
11.11.2022,09:15,17065.00,
11.11.2022,09:30,17173.00,
11.11.2022,09:45,17280.00,
11.11.2022,10:00,17295.00,
11.11.2022,10:15,17334.00,
11.11.2022,10:30,17444.00,
11.11.2022,10:45,17500.00,
11.11.2022,11:00,17570.00,
11.11.2022,11:15,17587.00,
11.11.2022,11:30,17601.00,
11.11.2022,11:45,17599.00,
11.11.2022,12:00,17569.00,
11.11.2022,12:15,17485.00,
11.11.2022,12:30,17430.00,
11.11.2022,12:45,17364.00,
11.11.2022,13:00,17356.00,
11.11.2022,13:15,17196.00,
11.11.2022,13:30,17010.00,
11.11.2022,13:45,16866.00,
11.11.2022,14:00,16802.00,
11.11.2022,14:15,16717.00,
11.11.2022,14:30,16645.00,
11.11.2022,14:45,16405.00,
11.11.2022,15:00,16373.00,
11.11.2022,15:15,16306.00,
11.11.2022,15:30,16226.00,
11.11.2022,15:45,16179.00,
11.11.2022,16:00,16175.00,
11.11.2022,16:15,16225.00,
11.11.2022,16:30,16304.00,
11.11.2022,16:45,16372.00,
11.11.2022,17:00,16565.00,
11.11.2022,17:15,16661.00,
11.11.2022,17:30,16669.00,
11.11.2022,17:45,16673.00,
11.11.2022,18:00,16640.00,
11.11.2022,18:15,16617.00,
11.11.2022,18:30,16588.00,
11.11.2022,18:45,16509.00,
11.11.2022,19:00,16436.00,
11.11.2022,19:15,16286.00,
11.11.2022,19:30,16161.00,
11.11.2022,19:45,16051.00,
11.11.2022,20:00,15722.00,
11.11.2022,20:15,15470.00,
11.11.2022,20:30,15287.00,
11.11.2022,20:45,15123.00,
11.11.2022,21:00,14883.00,
11.11.2022,21:15,14741.00,
11.11.2022,21:30,14508.00,
11.11.2022,21:45,14326.00,
11.11.2022,22:00,14111.00,
11.11.2022,22:15,13944.00,
11.11.2022,22:30,13744.00,
11.11.2022,22:45,13538.00,
11.11.2022,23:00,13259.00,
11.11.2022,23:15,13130.00,
11.11.2022,23:30,13059.00,
11.11.2022,23:45,12946.00,
12.11.2022,00:00,12206.00,
12.11.2022,00:15,12029.00,
12.11.2022,00:30,11934.00,
12.11.2022,00:45,11896.00,
12.11.2022,01:00,11739.00,
12.11.2022,01:15,11694.00,
12.11.2022,01:30,11602.00,
12.11.2022,01:45,11503.00,
12.11.2022,02:00,11457.00,
12.11.2022,02:15,11456.00,
12.11.2022,02:30,11419.00,
12.11.2022,02:45,11455.00,
12.11.2022,03:00,11472.00,
12.11.2022,03:15,11467.00,
12.11.2022,03:30,11479.00,
12.11.2022,03:45,11511.00,
12.11.2022,04:00,11567.00,
12.11.2022,04:15,11553.00,
12.11.2022,04:30,11562.00,
12.11.2022,04:45,11630.00,
12.11.2022,05:00,11734.00,
12.11.2022,05:15,11752.00,
12.11.2022,05:30,11821.00,
12.11.2022,05:45,11912.00,
12.11.2022,06:00,12100.00,
12.11.2022,06:15,11992.00,
12.11.2022,06:30,12066.00,
12.11.2022,06:45,12097.00,
12.11.2022,07:00,12284.00,
12.11.2022,07:15,12393.00,
12.11.2022,07:30,12557.00,
12.11.2022,07:45,12740.00,
12.11.2022,08:00,13001.00,
12.11.2022,08:15,13155.00,
12.11.2022,08:30,13338.00,
12.11.2022,08:45,13492.00,
12.11.2022,09:00,13673.00,
12.11.2022,09:15,13745.00,
12.11.2022,09:30,13925.00,
12.11.2022,09:45,14090.00,
12.11.2022,10:00,14149.00,
12.11.2022,10:15,14215.00,
12.11.2022,10:30,14344.00,
12.11.2022,10:45,14407.00,
12.11.2022,11:00,14480.00,
12.11.2022,11:15,14552.00,
12.11.2022,11:30,14591.00,
12.11.2022,11:45,14610.00,
12.11.2022,12:00,14506.00,
12.11.2022,12:15,14477.00,
12.11.2022,12:30,14400.00,
12.11.2022,12:45,14311.00,
12.11.2022,13:00,14258.00,
12.11.2022,13:15,14105.00,
12.11.2022,13:30,13981.00,
12.11.2022,13:45,13805.00,
12.11.2022,14:00,13748.00,
12.11.2022,14:15,13679.00,
12.11.2022,14:30,13659.00,
12.11.2022,14:45,13619.00,
12.11.2022,15:00,13620.00,
12.11.2022,15:15,13554.00,
12.11.2022,15:30,13517.00,
12.11.2022,15:45,13455.00,
12.11.2022,16:00,13506.00,
12.11.2022,16:15,13578.00,
12.11.2022,16:30,13652.00,
12.11.2022,16:45,13809.00,
12.11.2022,17:00,14100.00,
12.11.2022,17:15,14187.00,
12.11.2022,17:30,14301.00,
12.11.2022,17:45,14341.00,
12.11.2022,18:00,14349.00,
12.11.2022,18:15,14339.00,
12.11.2022,18:30,14311.00,
12.11.2022,18:45,14285.00,
12.11.2022,19:00,14201.00,
12.11.2022,19:15,14079.00,
12.11.2022,19:30,13978.00,
12.11.2022,19:45,13842.00,
12.11.2022,20:00,13701.00,
12.11.2022,20:15,13488.00,
12.11.2022,20:30,13282.00,
12.11.2022,20:45,13167.00,
12.11.2022,21:00,13045.00,
12.11.2022,21:15,12968.00,
12.11.2022,21:30,12851.00,
12.11.2022,21:45,12769.00,
12.11.2022,22:00,12655.00,
12.11.2022,22:15,12553.00,
12.11.2022,22:30,12393.00,
12.11.2022,22:45,12285.00,
12.11.2022,23:00,12114.00,
12.11.2022,23:15,12014.00,
12.11.2022,23:30,11951.00,
12.11.2022,23:45,11839.00,
13.11.2022,00:00,11403.00,
13.11.2022,00:15,11305.00,
13.11.2022,00:30,11218.00,
13.11.2022,00:45,11108.00,
13.11.2022,01:00,10922.00,
13.11.2022,01:15,10843.00,
13.11.2022,01:30,10751.00,
13.11.2022,01:45,10708.00,
13.11.2022,02:00,10669.00,
13.11.2022,02:15,10680.00,
13.11.2022,02:30,10609.00,
13.11.2022,02:45,10678.00,
13.11.2022,03:00,10616.00,
13.11.2022,03:15,10641.00,
13.11.2022,03:30,10693.00,
13.11.2022,03:45,10740.00,
13.11.2022,04:00,10844.00,
13.11.2022,04:15,10837.00,
13.11.2022,04:30,10887.00,
13.11.2022,04:45,10938.00,
13.11.2022,05:00,11084.00,
13.11.2022,05:15,11056.00,
13.11.2022,05:30,11099.00,
13.11.2022,05:45,11121.00,
13.11.2022,06:00,11289.00,
13.11.2022,06:15,11169.00,
13.11.2022,06:30,11180.00,
13.11.2022,06:45,11175.00,
13.11.2022,07:00,11196.00,
13.11.2022,07:15,11315.00,
13.11.2022,07:30,11482.00,
13.11.2022,07:45,11639.00,
13.11.2022,08:00,11786.00,
13.11.2022,08:15,11991.00,
13.11.2022,08:30,12209.00,
13.11.2022,08:45,12435.00,
13.11.2022,09:00,12643.00,
13.11.2022,09:15,12805.00,
13.11.2022,09:30,13015.00,
13.11.2022,09:45,13212.00,
13.11.2022,10:00,13188.00,
13.11.2022,10:15,13358.00,
13.11.2022,10:30,13615.00,
13.11.2022,10:45,13648.00,
13.11.2022,11:00,13850.00,
13.11.2022,11:15,13977.00,
13.11.2022,11:30,14048.00,
13.11.2022,11:45,14015.00,
13.11.2022,12:00,13999.00,
13.11.2022,12:15,13972.00,
13.11.2022,12:30,13821.00,
13.11.2022,12:45,13671.00,
13.11.2022,13:00,13618.00,
13.11.2022,13:15,13443.00,
13.11.2022,13:30,13273.00,
13.11.2022,13:45,13108.00,
13.11.2022,14:00,13112.00,
13.11.2022,14:15,13033.00,
13.11.2022,14:30,12937.00,
13.11.2022,14:45,12901.00,
13.11.2022,15:00,12915.00,
13.11.2022,15:15,12867.00,
13.11.2022,15:30,12814.00,
13.11.2022,15:45,12833.00,
13.11.2022,16:00,12943.00,
13.11.2022,16:15,12980.00,
13.11.2022,16:30,13113.00,
13.11.2022,16:45,13236.00,
13.11.2022,17:00,13641.00,
13.11.2022,17:15,13828.00,
13.11.2022,17:30,13973.00,
13.11.2022,17:45,14057.00,
13.11.2022,18:00,14201.00,
13.11.2022,18:15,14171.00,
13.11.2022,18:30,14172.00,
13.11.2022,18:45,14157.00,
13.11.2022,19:00,14033.00,
13.11.2022,19:15,13945.00,
13.11.2022,19:30,13842.00,
13.11.2022,19:45,13720.00,
13.11.2022,20:00,13643.00,
13.11.2022,20:15,13445.00,
13.11.2022,20:30,13341.00,
13.11.2022,20:45,13276.00,
13.11.2022,21:00,13134.00,
13.11.2022,21:15,13115.00,
13.11.2022,21:30,13072.00,
13.11.2022,21:45,13074.00,
13.11.2022,22:00,13058.00,
13.11.2022,22:15,13023.00,
13.11.2022,22:30,12882.00,
13.11.2022,22:45,12776.00,
13.11.2022,23:00,12579.00,
13.11.2022,23:15,12507.00,
13.11.2022,23:30,12424.00,
13.11.2022,23:45,12279.00,
14.11.2022,00:00,12066.00,
14.11.2022,00:15,11978.00,
14.11.2022,00:30,11916.00,
14.11.2022,00:45,11837.00,
14.11.2022,01:00,11696.00,
14.11.2022,01:15,11660.00,
14.11.2022,01:30,11610.00,
14.11.2022,01:45,11551.00,
14.11.2022,02:00,11471.00,
14.11.2022,02:15,11506.00,
14.11.2022,02:30,11515.00,
14.11.2022,02:45,11543.00,
14.11.2022,03:00,11558.00,
14.11.2022,03:15,11626.00,
14.11.2022,03:30,11676.00,
14.11.2022,03:45,11761.00,
14.11.2022,04:00,11969.00,
14.11.2022,04:15,12032.00,
14.11.2022,04:30,12172.00,
14.11.2022,04:45,12345.00,
14.11.2022,05:00,12792.00,
14.11.2022,05:15,12952.00,
14.11.2022,05:30,13236.00,
14.11.2022,05:45,13628.00,
14.11.2022,06:00,14425.00,
14.11.2022,06:15,14734.00,
14.11.2022,06:30,15093.00,
14.11.2022,06:45,15342.00,
14.11.2022,07:00,15723.00,
14.11.2022,07:15,15873.00,
14.11.2022,07:30,16095.00,
14.11.2022,07:45,16293.00,
14.11.2022,08:00,16547.00,
14.11.2022,08:15,16618.00,
14.11.2022,08:30,16693.00,
14.11.2022,08:45,16723.00,
14.11.2022,09:00,16769.00,
14.11.2022,09:15,16790.00,
14.11.2022,09:30,16870.00,
14.11.2022,09:45,16995.00,
14.11.2022,10:00,17076.00,
14.11.2022,10:15,17104.00,
14.11.2022,10:30,17209.00,
14.11.2022,10:45,17275.00,
14.11.2022,11:00,17422.00,
14.11.2022,11:15,17490.00,
14.11.2022,11:30,17533.00,
14.11.2022,11:45,17589.00,
14.11.2022,12:00,17550.00,
14.11.2022,12:15,17499.00,
14.11.2022,12:30,17477.00,
14.11.2022,12:45,17441.00,
14.11.2022,13:00,17421.00,
14.11.2022,13:15,17359.00,
14.11.2022,13:30,17167.00,
14.11.2022,13:45,16957.00,
14.11.2022,14:00,16968.00,
14.11.2022,14:15,16938.00,
14.11.2022,14:30,16770.00,
14.11.2022,14:45,16754.00,
14.11.2022,15:00,16738.00,
14.11.2022,15:15,16577.00,
14.11.2022,15:30,16525.00,
14.11.2022,15:45,16391.00,
14.11.2022,16:00,16336.00,
14.11.2022,16:15,16367.00,
14.11.2022,16:30,16426.00,
14.11.2022,16:45,16461.00,
14.11.2022,17:00,16681.00,
14.11.2022,17:15,16792.00,
14.11.2022,17:30,16865.00,
14.11.2022,17:45,16884.00,
14.11.2022,18:00,16833.00,
14.11.2022,18:15,16811.00,
14.11.2022,18:30,16785.00,
14.11.2022,18:45,16765.00,
14.11.2022,19:00,16666.00,
14.11.2022,19:15,16561.00,
14.11.2022,19:30,16425.00,
14.11.2022,19:45,16259.00,
14.11.2022,20:00,16048.00,
14.11.2022,20:15,15765.00,
14.11.2022,20:30,15555.00,
14.11.2022,20:45,15406.00,
14.11.2022,21:00,15193.00,
14.11.2022,21:15,15052.00,
14.11.2022,21:30,14887.00,
14.11.2022,21:45,14733.00,
14.11.2022,22:00,14536.00,
14.11.2022,22:15,14391.00,
14.11.2022,22:30,14141.00,
14.11.2022,22:45,13950.00,
14.11.2022,23:00,13651.00,
14.11.2022,23:15,13572.00,
14.11.2022,23:30,13474.00,
14.11.2022,23:45,13318.00,
15.11.2022,00:00,12444.00,
15.11.2022,00:15,12333.00,
15.11.2022,00:30,12309.00,
15.11.2022,00:45,12225.00,
15.11.2022,01:00,12094.00,
15.11.2022,01:15,12022.00,
15.11.2022,01:30,11965.00,
15.11.2022,01:45,11883.00,
15.11.2022,02:00,11907.00,
15.11.2022,02:15,11902.00,
15.11.2022,02:30,11892.00,
15.11.2022,02:45,11941.00,
15.11.2022,03:00,11962.00,
15.11.2022,03:15,11971.00,
15.11.2022,03:30,12025.00,
15.11.2022,03:45,12085.00,
15.11.2022,04:00,12237.00,
15.11.2022,04:15,12314.00,
15.11.2022,04:30,12432.00,
15.11.2022,04:45,12610.00,
15.11.2022,05:00,13001.00,
15.11.2022,05:15,13159.00,
15.11.2022,05:30,13411.00,
15.11.2022,05:45,13735.00,
15.11.2022,06:00,14480.00,
15.11.2022,06:15,14763.00,
15.11.2022,06:30,15073.00,
15.11.2022,06:45,15286.00,
15.11.2022,07:00,15668.00,
15.11.2022,07:15,16048.00,
15.11.2022,07:30,16244.00,
15.11.2022,07:45,16415.00,
15.11.2022,08:00,16651.00,
15.11.2022,08:15,16716.00,
15.11.2022,08:30,16790.00,
15.11.2022,08:45,16829.00,
15.11.2022,09:00,16866.00,
15.11.2022,09:15,16884.00,
15.11.2022,09:30,16986.00,
15.11.2022,09:45,17095.00,
15.11.2022,10:00,17138.00,
15.11.2022,10:15,17190.00,
15.11.2022,10:30,17308.00,
15.11.2022,10:45,17388.00,
15.11.2022,11:00,17520.00,
15.11.2022,11:15,17563.00,
15.11.2022,11:30,17610.00,
15.11.2022,11:45,17668.00,
15.11.2022,12:00,17620.00,
15.11.2022,12:15,17556.00,
15.11.2022,12:30,17532.00,
15.11.2022,12:45,17467.00,
15.11.2022,13:00,17494.00,
15.11.2022,13:15,17440.00,
15.11.2022,13:30,17250.00,
15.11.2022,13:45,17031.00,
15.11.2022,14:00,17012.00,
15.11.2022,14:15,16940.00,
15.11.2022,14:30,16803.00,
15.11.2022,14:45,16686.00,
15.11.2022,15:00,16633.00,
15.11.2022,15:15,16499.00,
15.11.2022,15:30,16414.00,
15.11.2022,15:45,16306.00,
15.11.2022,16:00,16389.00,
15.11.2022,16:15,16405.00,
15.11.2022,16:30,16462.00,
15.11.2022,16:45,16556.00,
15.11.2022,17:00,16760.00,
15.11.2022,17:15,16857.00,
15.11.2022,17:30,16958.00,
15.11.2022,17:45,16985.00,
15.11.2022,18:00,16933.00,
15.11.2022,18:15,16891.00,
15.11.2022,18:30,16875.00,
15.11.2022,18:45,16856.00,
15.11.2022,19:00,16771.00,
15.11.2022,19:15,16639.00,
15.11.2022,19:30,16490.00,
15.11.2022,19:45,16328.00,
15.11.2022,20:00,16118.00,
15.11.2022,20:15,15844.00,
15.11.2022,20:30,15652.00,
15.11.2022,20:45,15472.00,
15.11.2022,21:00,15257.00,
15.11.2022,21:15,15081.00,
15.11.2022,21:30,14902.00,
15.11.2022,21:45,14768.00,
15.11.2022,22:00,14570.00,
15.11.2022,22:15,14396.00,
15.11.2022,22:30,14133.00,
15.11.2022,22:45,13950.00,
15.11.2022,23:00,13657.00,
15.11.2022,23:15,13539.00,
15.11.2022,23:30,13420.00,
15.11.2022,23:45,13283.00,
16.11.2022,00:00,12635.00,
16.11.2022,00:15,12494.00,
16.11.2022,00:30,12388.00,
16.11.2022,00:45,12322.00,
16.11.2022,01:00,12177.00,
16.11.2022,01:15,12118.00,
16.11.2022,01:30,12043.00,
16.11.2022,01:45,11975.00,
16.11.2022,02:00,12003.00,
16.11.2022,02:15,11992.00,
16.11.2022,02:30,11986.00,
16.11.2022,02:45,12009.00,
16.11.2022,03:00,12045.00,
16.11.2022,03:15,12077.00,
16.11.2022,03:30,12129.00,
16.11.2022,03:45,12168.00,
16.11.2022,04:00,12307.00,
16.11.2022,04:15,12394.00,
16.11.2022,04:30,12476.00,
16.11.2022,04:45,12623.00,
16.11.2022,05:00,12993.00,
16.11.2022,05:15,13082.00,
16.11.2022,05:30,13261.00,
16.11.2022,05:45,13551.00,
16.11.2022,06:00,14274.00,
16.11.2022,06:15,14510.00,
16.11.2022,06:30,14844.00,
16.11.2022,06:45,15109.00,
16.11.2022,07:00,15464.00,
16.11.2022,07:15,15616.00,
16.11.2022,07:30,15810.00,
16.11.2022,07:45,16051.00,
16.11.2022,08:00,16418.00,
16.11.2022,08:15,16531.00,
16.11.2022,08:30,16647.00,
16.11.2022,08:45,16709.00,
16.11.2022,09:00,16719.00,
16.11.2022,09:15,16709.00,
16.11.2022,09:30,16829.00,
16.11.2022,09:45,16958.00,
16.11.2022,10:00,17040.00,
16.11.2022,10:15,17076.00,
16.11.2022,10:30,17226.00,
16.11.2022,10:45,17321.00,
16.11.2022,11:00,17369.00,
16.11.2022,11:15,17418.00,
16.11.2022,11:30,17466.00,
16.11.2022,11:45,17449.00,
16.11.2022,12:00,17369.00,
16.11.2022,12:15,17327.00,
16.11.2022,12:30,17293.00,
16.11.2022,12:45,17249.00,
16.11.2022,13:00,17208.00,
16.11.2022,13:15,17090.00,
16.11.2022,13:30,16928.00,
16.11.2022,13:45,16802.00,
16.11.2022,14:00,16779.00,
16.11.2022,14:15,16720.00,
16.11.2022,14:30,16637.00,
16.11.2022,14:45,16532.00,
16.11.2022,15:00,16505.00,
16.11.2022,15:15,16399.00,
16.11.2022,15:30,16076.00,
16.11.2022,15:45,16020.00,
16.11.2022,16:00,16101.00,
16.11.2022,16:15,16113.00,
16.11.2022,16:30,16215.00,
16.11.2022,16:45,16366.00,
16.11.2022,17:00,16573.00,
16.11.2022,17:15,16690.00,
16.11.2022,17:30,16791.00,
16.11.2022,17:45,16784.00,
16.11.2022,18:00,16717.00,
16.11.2022,18:15,16672.00,
16.11.2022,18:30,16646.00,
16.11.2022,18:45,16599.00,
16.11.2022,19:00,16531.00,
16.11.2022,19:15,16388.00,
16.11.2022,19:30,16244.00,
16.11.2022,19:45,16098.00,
16.11.2022,20:00,15837.00,
16.11.2022,20:15,15587.00,
16.11.2022,20:30,15330.00,
16.11.2022,20:45,15163.00,
16.11.2022,21:00,14954.00,
16.11.2022,21:15,14794.00,
16.11.2022,21:30,14599.00,
16.11.2022,21:45,14449.00,
16.11.2022,22:00,14272.00,
16.11.2022,22:15,14138.00,
16.11.2022,22:30,13885.00,
16.11.2022,22:45,13714.00,
16.11.2022,23:00,13464.00,
16.11.2022,23:15,13325.00,
16.11.2022,23:30,13213.00,
16.11.2022,23:45,13039.00,
17.11.2022,00:00,12663.00,
17.11.2022,00:15,12568.00,
17.11.2022,00:30,12495.00,
17.11.2022,00:45,12462.00,
17.11.2022,01:00,12265.00,
17.11.2022,01:15,12187.00,
17.11.2022,01:30,12141.00,
17.11.2022,01:45,12058.00,
17.11.2022,02:00,12057.00,
17.11.2022,02:15,12063.00,
17.11.2022,02:30,12065.00,
17.11.2022,02:45,12095.00,
17.11.2022,03:00,12126.00,
17.11.2022,03:15,12128.00,
17.11.2022,03:30,12166.00,
17.11.2022,03:45,12207.00,
17.11.2022,04:00,12350.00,
17.11.2022,04:15,12418.00,
17.11.2022,04:30,12523.00,
17.11.2022,04:45,12689.00,
17.11.2022,05:00,13116.00,
17.11.2022,05:15,13244.00,
17.11.2022,05:30,13469.00,
17.11.2022,05:45,13762.00,
17.11.2022,06:00,14490.00,
17.11.2022,06:15,14674.00,
17.11.2022,06:30,15002.00,
17.11.2022,06:45,15269.00,
17.11.2022,07:00,15618.00,
17.11.2022,07:15,15834.00,
17.11.2022,07:30,16009.00,
17.11.2022,07:45,16222.00,
17.11.2022,08:00,16566.00,
17.11.2022,08:15,16709.00,
17.11.2022,08:30,16794.00,
17.11.2022,08:45,16823.00,
17.11.2022,09:00,16841.00,
17.11.2022,09:15,16810.00,
17.11.2022,09:30,16907.00,
17.11.2022,09:45,17003.00,
17.11.2022,10:00,17034.00,
17.11.2022,10:15,17075.00,
17.11.2022,10:30,17214.00,
17.11.2022,10:45,17288.00,
17.11.2022,11:00,17356.00,
17.11.2022,11:15,17402.00,
17.11.2022,11:30,17445.00,
17.11.2022,11:45,17472.00,
17.11.2022,12:00,17420.00,
17.11.2022,12:15,17410.00,
17.11.2022,12:30,17380.00,
17.11.2022,12:45,17331.00,
17.11.2022,13:00,17349.00,
17.11.2022,13:15,17205.00,
17.11.2022,13:30,17005.00,
17.11.2022,13:45,16829.00,
17.11.2022,14:00,16827.00,
17.11.2022,14:15,16749.00,
17.11.2022,14:30,16664.00,
17.11.2022,14:45,16550.00,
17.11.2022,15:00,16571.00,
17.11.2022,15:15,16480.00,
17.11.2022,15:30,16396.00,
17.11.2022,15:45,16347.00,
17.11.2022,16:00,16454.00,
17.11.2022,16:15,16339.00,
17.11.2022,16:30,16422.00,
17.11.2022,16:45,16569.00,
17.11.2022,17:00,16779.00,
17.11.2022,17:15,16897.00,
17.11.2022,17:30,16970.00,
17.11.2022,17:45,16957.00,
17.11.2022,18:00,16899.00,
17.11.2022,18:15,16854.00,
17.11.2022,18:30,16836.00,
17.11.2022,18:45,16827.00,
17.11.2022,19:00,16685.00,
17.11.2022,19:15,16558.00,
17.11.2022,19:30,16445.00,
17.11.2022,19:45,16251.00,
17.11.2022,20:00,15998.00,
17.11.2022,20:15,15713.00,
17.11.2022,20:30,15485.00,
17.11.2022,20:45,15307.00,
17.11.2022,21:00,15071.00,
17.11.2022,21:15,14934.00,
17.11.2022,21:30,14766.00,
17.11.2022,21:45,14613.00,
17.11.2022,22:00,14398.00,
17.11.2022,22:15,14242.00,
17.11.2022,22:30,14012.00,
17.11.2022,22:45,13843.00,
17.11.2022,23:00,13554.00,
17.11.2022,23:15,13425.00,
17.11.2022,23:30,13307.00,
17.11.2022,23:45,13136.00,
18.11.2022,00:00,12765.00,
18.11.2022,00:15,12626.00,
18.11.2022,00:30,12600.00,
18.11.2022,00:45,12555.00,
18.11.2022,01:00,12327.00,
18.11.2022,01:15,12308.00,
18.11.2022,01:30,12259.00,
18.11.2022,01:45,12185.00,
18.11.2022,02:00,12102.00,
18.11.2022,02:15,12218.00,
18.11.2022,02:30,12189.00,
18.11.2022,02:45,12215.00,
18.11.2022,03:00,12247.00,
18.11.2022,03:15,12231.00,
18.11.2022,03:30,12272.00,
18.11.2022,03:45,12311.00,
18.11.2022,04:00,12478.00,
18.11.2022,04:15,12536.00,
18.11.2022,04:30,12670.00,
18.11.2022,04:45,12771.00,
18.11.2022,05:00,13163.00,
18.11.2022,05:15,13304.00,
18.11.2022,05:30,13572.00,
18.11.2022,05:45,13906.00,
18.11.2022,06:00,14684.00,
18.11.2022,06:15,14966.00,
18.11.2022,06:30,15286.00,
18.11.2022,06:45,15570.00,
18.11.2022,07:00,15878.00,
18.11.2022,07:15,15770.00,
18.11.2022,07:30,15957.00,
18.11.2022,07:45,16196.00,
18.11.2022,08:00,16470.00,
18.11.2022,08:15,16570.00,
18.11.2022,08:30,16658.00,
18.11.2022,08:45,16729.00,
18.11.2022,09:00,16708.00,
18.11.2022,09:15,16694.00,
18.11.2022,09:30,16790.00,
18.11.2022,09:45,16864.00,
18.11.2022,10:00,16882.00,
18.11.2022,10:15,16909.00,
18.11.2022,10:30,16997.00,
18.11.2022,10:45,17055.00,
18.11.2022,11:00,17103.00,
18.11.2022,11:15,17181.00,
18.11.2022,11:30,17190.00,
18.11.2022,11:45,17194.00,
18.11.2022,12:00,17134.00,
18.11.2022,12:15,17113.00,
18.11.2022,12:30,17108.00,
18.11.2022,12:45,16997.00,
18.11.2022,13:00,17028.00,
18.11.2022,13:15,16860.00,
18.11.2022,13:30,16646.00,
18.11.2022,13:45,16534.00,
18.11.2022,14:00,16472.00,
18.11.2022,14:15,16373.00,
18.11.2022,14:30,16333.00,
18.11.2022,14:45,16228.00,
18.11.2022,15:00,16254.00,
18.11.2022,15:15,16167.00,
18.11.2022,15:30,16088.00,
18.11.2022,15:45,16046.00,
18.11.2022,16:00,16107.00,
18.11.2022,16:15,16171.00,
18.11.2022,16:30,16274.00,
18.11.2022,16:45,16348.00,
18.11.2022,17:00,16554.00,
18.11.2022,17:15,16608.00,
18.11.2022,17:30,16647.00,
18.11.2022,17:45,16651.00,
18.11.2022,18:00,16550.00,
18.11.2022,18:15,16511.00,
18.11.2022,18:30,16479.00,
18.11.2022,18:45,16441.00,
18.11.2022,19:00,16259.00,
18.11.2022,19:15,16121.00,
18.11.2022,19:30,16040.00,
18.11.2022,19:45,15874.00,
18.11.2022,20:00,15600.00,
18.11.2022,20:15,15290.00,
18.11.2022,20:30,15068.00,
18.11.2022,20:45,14895.00,
18.11.2022,21:00,14659.00,
18.11.2022,21:15,14492.00,
18.11.2022,21:30,14328.00,
18.11.2022,21:45,14178.00,
18.11.2022,22:00,13991.00,
18.11.2022,22:15,13878.00,
18.11.2022,22:30,13681.00,
18.11.2022,22:45,13515.00,
18.11.2022,23:00,13241.00,
18.11.2022,23:15,13128.00,
18.11.2022,23:30,13026.00,
18.11.2022,23:45,12903.00,
19.11.2022,00:00,12204.00,
19.11.2022,00:15,12022.00,
19.11.2022,00:30,11973.00,
19.11.2022,00:45,11907.00,
19.11.2022,01:00,11710.00,
19.11.2022,01:15,11664.00,
19.11.2022,01:30,11531.00,
19.11.2022,01:45,11413.00,
19.11.2022,02:00,11354.00,
19.11.2022,02:15,11360.00,
19.11.2022,02:30,11287.00,
19.11.2022,02:45,11279.00,
19.11.2022,03:00,11297.00,
19.11.2022,03:15,11287.00,
19.11.2022,03:30,11283.00,
19.11.2022,03:45,11295.00,
19.11.2022,04:00,11370.00,
19.11.2022,04:15,11356.00,
19.11.2022,04:30,11353.00,
19.11.2022,04:45,11416.00,
19.11.2022,05:00,11561.00,
19.11.2022,05:15,11521.00,
19.11.2022,05:30,11579.00,
19.11.2022,05:45,11679.00,
19.11.2022,06:00,11849.00,
19.11.2022,06:15,11743.00,
19.11.2022,06:30,11819.00,
19.11.2022,06:45,11862.00,
19.11.2022,07:00,12042.00,
19.11.2022,07:15,12172.00,
19.11.2022,07:30,12313.00,
19.11.2022,07:45,12556.00,
19.11.2022,08:00,12834.00,
19.11.2022,08:15,13033.00,
19.11.2022,08:30,13223.00,
19.11.2022,08:45,13390.00,
19.11.2022,09:00,13559.00,
19.11.2022,09:15,13619.00,
19.11.2022,09:30,13790.00,
19.11.2022,09:45,13953.00,
19.11.2022,10:00,14046.00,
19.11.2022,10:15,14156.00,
19.11.2022,10:30,14309.00,
19.11.2022,10:45,14350.00,
19.11.2022,11:00,14376.00,
19.11.2022,11:15,14475.00,
19.11.2022,11:30,14480.00,
19.11.2022,11:45,14516.00,
19.11.2022,12:00,14445.00,
19.11.2022,12:15,14453.00,
19.11.2022,12:30,14372.00,
19.11.2022,12:45,14254.00,
19.11.2022,13:00,14228.00,
19.11.2022,13:15,14105.00,
19.11.2022,13:30,13972.00,
19.11.2022,13:45,13819.00,
19.11.2022,14:00,13814.00,
19.11.2022,14:15,13721.00,
19.11.2022,14:30,13671.00,
19.11.2022,14:45,13528.00,
19.11.2022,15:00,13508.00,
19.11.2022,15:15,13499.00,
19.11.2022,15:30,13455.00,
19.11.2022,15:45,13436.00,
19.11.2022,16:00,13522.00,
19.11.2022,16:15,13597.00,
19.11.2022,16:30,13739.00,
19.11.2022,16:45,13910.00,
19.11.2022,17:00,14200.00,
19.11.2022,17:15,14277.00,
19.11.2022,17:30,14383.00,
19.11.2022,17:45,14410.00,
19.11.2022,18:00,14410.00,
19.11.2022,18:15,14374.00,
19.11.2022,18:30,14335.00,
19.11.2022,18:45,14221.00,
19.11.2022,19:00,14146.00,
19.11.2022,19:15,14032.00,
19.11.2022,19:30,13881.00,
19.11.2022,19:45,13699.00,
19.11.2022,20:00,13494.00,
19.11.2022,20:15,13256.00,
19.11.2022,20:30,13086.00,
19.11.2022,20:45,12971.00,
19.11.2022,21:00,12786.00,
19.11.2022,21:15,12717.00,
19.11.2022,21:30,12628.00,
19.11.2022,21:45,12553.00,
19.11.2022,22:00,12457.00,
19.11.2022,22:15,12409.00,
19.11.2022,22:30,12259.00,
19.11.2022,22:45,12152.00,
19.11.2022,23:00,11956.00,
19.11.2022,23:15,11884.00,
19.11.2022,23:30,11804.00,
19.11.2022,23:45,11694.00,
20.11.2022,00:00,11223.00,
20.11.2022,00:15,11082.00,
20.11.2022,00:30,10998.00,
20.11.2022,00:45,10922.00,
20.11.2022,01:00,10689.00,
20.11.2022,01:15,10632.00,
20.11.2022,01:30,10546.00,
20.11.2022,01:45,10521.00,
20.11.2022,02:00,10511.00,
20.11.2022,02:15,10526.00,
20.11.2022,02:30,10459.00,
20.11.2022,02:45,10527.00,
20.11.2022,03:00,10471.00,
20.11.2022,03:15,10477.00,
20.11.2022,03:30,10492.00,
20.11.2022,03:45,10512.00,
20.11.2022,04:00,10599.00,
20.11.2022,04:15,10589.00,
20.11.2022,04:30,10625.00,
20.11.2022,04:45,10654.00,
20.11.2022,05:00,10814.00,
20.11.2022,05:15,10780.00,
20.11.2022,05:30,10795.00,
20.11.2022,05:45,10813.00,
20.11.2022,06:00,10897.00,
20.11.2022,06:15,10697.00,
20.11.2022,06:30,10723.00,
20.11.2022,06:45,10731.00,
20.11.2022,07:00,10813.00,
20.11.2022,07:15,10905.00,
20.11.2022,07:30,11045.00,
20.11.2022,07:45,11241.00,
20.11.2022,08:00,11409.00,
20.11.2022,08:15,11640.00,
20.11.2022,08:30,11847.00,
20.11.2022,08:45,12053.00,
20.11.2022,09:00,12266.00,
20.11.2022,09:15,12384.00,
20.11.2022,09:30,12565.00,
20.11.2022,09:45,12790.00,
20.11.2022,10:00,12854.00,
20.11.2022,10:15,13021.00,
20.11.2022,10:30,13277.00,
20.11.2022,10:45,13360.00,
20.11.2022,11:00,13570.00,
20.11.2022,11:15,13703.00,
20.11.2022,11:30,13762.00,
20.11.2022,11:45,13768.00,
20.11.2022,12:00,13715.00,
20.11.2022,12:15,13659.00,
20.11.2022,12:30,13564.00,
20.11.2022,12:45,13396.00,
20.11.2022,13:00,13321.00,
20.11.2022,13:15,13117.00,
20.11.2022,13:30,12968.00,
20.11.2022,13:45,12809.00,
20.11.2022,14:00,12838.00,
20.11.2022,14:15,12734.00,
20.11.2022,14:30,12669.00,
20.11.2022,14:45,12586.00,
20.11.2022,15:00,12587.00,
20.11.2022,15:15,12572.00,
20.11.2022,15:30,12578.00,
20.11.2022,15:45,12632.00,
20.11.2022,16:00,12789.00,
20.11.2022,16:15,12909.00,
20.11.2022,16:30,13021.00,
20.11.2022,16:45,13183.00,
20.11.2022,17:00,13545.00,
20.11.2022,17:15,13734.00,
20.11.2022,17:30,13843.00,
20.11.2022,17:45,13939.00,
20.11.2022,18:00,14060.00,
20.11.2022,18:15,14012.00,
20.11.2022,18:30,14014.00,
20.11.2022,18:45,13972.00,
20.11.2022,19:00,13841.00,
20.11.2022,19:15,13778.00,
20.11.2022,19:30,13663.00,
20.11.2022,19:45,13490.00,
20.11.2022,20:00,13350.00,
20.11.2022,20:15,13211.00,
20.11.2022,20:30,13084.00,
20.11.2022,20:45,12986.00,
20.11.2022,21:00,12884.00,
20.11.2022,21:15,12892.00,
20.11.2022,21:30,12870.00,
20.11.2022,21:45,12860.00,
20.11.2022,22:00,12890.00,
20.11.2022,22:15,12870.00,
20.11.2022,22:30,12728.00,
20.11.2022,22:45,12622.00,
20.11.2022,23:00,12404.00,
20.11.2022,23:15,12332.00,
20.11.2022,23:30,12271.00,
20.11.2022,23:45,12138.00,
21.11.2022,00:00,11944.00,
21.11.2022,00:15,11829.00,
21.11.2022,00:30,11796.00,
21.11.2022,00:45,11733.00,
21.11.2022,01:00,11512.00,
21.11.2022,01:15,11470.00,
21.11.2022,01:30,11433.00,
21.11.2022,01:45,11362.00,
21.11.2022,02:00,11410.00,
21.11.2022,02:15,11432.00,
21.11.2022,02:30,11452.00,
21.11.2022,02:45,11459.00,
21.11.2022,03:00,11539.00,
21.11.2022,03:15,11575.00,
21.11.2022,03:30,11620.00,
21.11.2022,03:45,11694.00,
21.11.2022,04:00,11900.00,
21.11.2022,04:15,11995.00,
21.11.2022,04:30,12120.00,
21.11.2022,04:45,12259.00,
21.11.2022,05:00,12657.00,
21.11.2022,05:15,12830.00,
21.11.2022,05:30,13105.00,
21.11.2022,05:45,13501.00,
21.11.2022,06:00,14213.00,
21.11.2022,06:15,14487.00,
21.11.2022,06:30,14833.00,
21.11.2022,06:45,15072.00,
21.11.2022,07:00,15486.00,
21.11.2022,07:15,15699.00,
21.11.2022,07:30,15913.00,
21.11.2022,07:45,16157.00,
21.11.2022,08:00,16557.00,
21.11.2022,08:15,16667.00,
21.11.2022,08:30,16799.00,
21.11.2022,08:45,16863.00,
21.11.2022,09:00,16902.00,
21.11.2022,09:15,16872.00,
21.11.2022,09:30,16978.00,
21.11.2022,09:45,17079.00,
21.11.2022,10:00,17203.00,
21.11.2022,10:15,17205.00,
21.11.2022,10:30,17365.00,
21.11.2022,10:45,17424.00,
21.11.2022,11:00,17529.00,
21.11.2022,11:15,17576.00,
21.11.2022,11:30,17586.00,
21.11.2022,11:45,17594.00,
21.11.2022,12:00,17536.00,
21.11.2022,12:15,17509.00,
21.11.2022,12:30,17495.00,
21.11.2022,12:45,17474.00,
21.11.2022,13:00,17420.00,
21.11.2022,13:15,17275.00,
21.11.2022,13:30,17133.00,
21.11.2022,13:45,16990.00,
21.11.2022,14:00,17038.00,
21.11.2022,14:15,17030.00,
21.11.2022,14:30,16914.00,
21.11.2022,14:45,16901.00,
21.11.2022,15:00,16916.00,
21.11.2022,15:15,16789.00,
21.11.2022,15:30,16493.00,
21.11.2022,15:45,16428.00,
21.11.2022,16:00,16386.00,
21.11.2022,16:15,16448.00,
21.11.2022,16:30,16575.00,
21.11.2022,16:45,16652.00,
21.11.2022,17:00,16894.00,
21.11.2022,17:15,17060.00,
21.11.2022,17:30,17130.00,
21.11.2022,17:45,17126.00,
21.11.2022,18:00,17048.00,
21.11.2022,18:15,17017.00,
21.11.2022,18:30,16991.00,
21.11.2022,18:45,16921.00,
21.11.2022,19:00,16795.00,
21.11.2022,19:15,16691.00,
21.11.2022,19:30,16532.00,
21.11.2022,19:45,16352.00,
21.11.2022,20:00,16076.00,
21.11.2022,20:15,15783.00,
21.11.2022,20:30,15568.00,
21.11.2022,20:45,15419.00,
21.11.2022,21:00,15194.00,
21.11.2022,21:15,15094.00,
21.11.2022,21:30,14898.00,
21.11.2022,21:45,14728.00,
21.11.2022,22:00,14549.00,
21.11.2022,22:15,14432.00,
21.11.2022,22:30,14204.00,
21.11.2022,22:45,14021.00,
21.11.2022,23:00,13754.00,
21.11.2022,23:15,13679.00,
21.11.2022,23:30,13602.00,
21.11.2022,23:45,13409.00,
22.11.2022,00:00,12807.00,
22.11.2022,00:15,12682.00,
22.11.2022,00:30,12588.00,
22.11.2022,00:45,12517.00,
22.11.2022,01:00,12319.00,
22.11.2022,01:15,12276.00,
22.11.2022,01:30,12198.00,
22.11.2022,01:45,12118.00,
22.11.2022,02:00,12147.00,
22.11.2022,02:15,12128.00,
22.11.2022,02:30,12151.00,
22.11.2022,02:45,12186.00,
22.11.2022,03:00,12266.00,
22.11.2022,03:15,12271.00,
22.11.2022,03:30,12317.00,
22.11.2022,03:45,12363.00,
22.11.2022,04:00,12458.00,
22.11.2022,04:15,12523.00,
22.11.2022,04:30,12647.00,
22.11.2022,04:45,12819.00,
22.11.2022,05:00,13225.00,
22.11.2022,05:15,13377.00,
22.11.2022,05:30,13651.00,
22.11.2022,05:45,13949.00,
22.11.2022,06:00,14653.00,
22.11.2022,06:15,14895.00,
22.11.2022,06:30,15242.00,
22.11.2022,06:45,15500.00,
22.11.2022,07:00,15859.00,
22.11.2022,07:15,15919.00,
22.11.2022,07:30,16102.00,
22.11.2022,07:45,16353.00,
22.11.2022,08:00,16729.00,
22.11.2022,08:15,16834.00,
22.11.2022,08:30,16950.00,
22.11.2022,08:45,17013.00,
22.11.2022,09:00,17033.00,
22.11.2022,09:15,16983.00,
22.11.2022,09:30,17109.00,
22.11.2022,09:45,17212.00,
22.11.2022,10:00,17266.00,
22.11.2022,10:15,17283.00,
22.11.2022,10:30,17450.00,
22.11.2022,10:45,17522.00,
22.11.2022,11:00,17629.00,
22.11.2022,11:15,17649.00,
22.11.2022,11:30,17666.00,
22.11.2022,11:45,17678.00,
22.11.2022,12:00,17612.00,
22.11.2022,12:15,17589.00,
22.11.2022,12:30,17551.00,
22.11.2022,12:45,17503.00,
22.11.2022,13:00,17488.00,
22.11.2022,13:15,17349.00,
22.11.2022,13:30,17196.00,
22.11.2022,13:45,17068.00,
22.11.2022,14:00,17101.00,
22.11.2022,14:15,17052.00,
22.11.2022,14:30,16968.00,
22.11.2022,14:45,16860.00,
22.11.2022,15:00,16843.00,
22.11.2022,15:15,16737.00,
22.11.2022,15:30,16423.00,
22.11.2022,15:45,16377.00,
22.11.2022,16:00,16466.00,
22.11.2022,16:15,16511.00,
22.11.2022,16:30,16634.00,
22.11.2022,16:45,16778.00,
22.11.2022,17:00,16962.00,
22.11.2022,17:15,17089.00,
22.11.2022,17:30,17179.00,
22.11.2022,17:45,17179.00,
22.11.2022,18:00,17094.00,
22.11.2022,18:15,17028.00,
22.11.2022,18:30,17011.00,
22.11.2022,18:45,16944.00,
22.11.2022,19:00,16831.00,
22.11.2022,19:15,16716.00,
22.11.2022,19:30,16561.00,
22.11.2022,19:45,16378.00,
22.11.2022,20:00,16111.00,
22.11.2022,20:15,15839.00,
22.11.2022,20:30,15625.00,
22.11.2022,20:45,15463.00,
22.11.2022,21:00,15247.00,
22.11.2022,21:15,15115.00,
22.11.2022,21:30,14919.00,
22.11.2022,21:45,14756.00,
22.11.2022,22:00,14587.00,
22.11.2022,22:15,14453.00,
22.11.2022,22:30,14189.00,
22.11.2022,22:45,14031.00,
22.11.2022,23:00,13754.00,
22.11.2022,23:15,13644.00,
22.11.2022,23:30,13539.00,
22.11.2022,23:45,13360.00,
23.11.2022,00:00,13431.00,
23.11.2022,00:15,13300.00,
23.11.2022,00:30,13193.00,
23.11.2022,00:45,13132.00,
23.11.2022,01:00,12908.00,
23.11.2022,01:15,12855.00,
23.11.2022,01:30,12790.00,
23.11.2022,01:45,12689.00,
23.11.2022,02:00,12725.00,
23.11.2022,02:15,12728.00,
23.11.2022,02:30,12764.00,
23.11.2022,02:45,12772.00,
23.11.2022,03:00,12837.00,
23.11.2022,03:15,12835.00,
23.11.2022,03:30,12911.00,
23.11.2022,03:45,12933.00,
23.11.2022,04:00,13041.00,
23.11.2022,04:15,13112.00,
23.11.2022,04:30,13238.00,
23.11.2022,04:45,13372.00,
23.11.2022,05:00,13770.00,
23.11.2022,05:15,13878.00,
23.11.2022,05:30,14150.00,
23.11.2022,05:45,14412.00,
23.11.2022,06:00,15106.00,
23.11.2022,06:15,15394.00,
23.11.2022,06:30,15738.00,
23.11.2022,06:45,15998.00,
23.11.2022,07:00,16340.00,
23.11.2022,07:15,16690.00,
23.11.2022,07:30,16874.00,
23.11.2022,07:45,17071.00,
23.11.2022,08:00,17279.00,
23.11.2022,08:15,17368.00,
23.11.2022,08:30,17417.00,
23.11.2022,08:45,17457.00,
23.11.2022,09:00,17483.00,
23.11.2022,09:15,17411.00,
23.11.2022,09:30,17528.00,
23.11.2022,09:45,17632.00,
23.11.2022,10:00,17645.00,
23.11.2022,10:15,17607.00,
23.11.2022,10:30,17728.00,
23.11.2022,10:45,17804.00,
23.11.2022,11:00,17859.00,
23.11.2022,11:15,17828.00,
23.11.2022,11:30,17852.00,
23.11.2022,11:45,17844.00,
23.11.2022,12:00,17783.00,
23.11.2022,12:15,17794.00,
23.11.2022,12:30,17767.00,
23.11.2022,12:45,17713.00,
23.11.2022,13:00,17718.00,
23.11.2022,13:15,17586.00,
23.11.2022,13:30,17405.00,
23.11.2022,13:45,17273.00,
23.11.2022,14:00,17317.00,
23.11.2022,14:15,17256.00,
23.11.2022,14:30,17161.00,
23.11.2022,14:45,17048.00,
23.11.2022,15:00,17059.00,
23.11.2022,15:15,16977.00,
23.11.2022,15:30,16905.00,
23.11.2022,15:45,16871.00,
23.11.2022,16:00,16977.00,
23.11.2022,16:15,17059.00,
23.11.2022,16:30,17179.00,
23.11.2022,16:45,17336.00,
23.11.2022,17:00,17453.00,
23.11.2022,17:15,17565.00,
23.11.2022,17:30,17631.00,
23.11.2022,17:45,17623.00,
23.11.2022,18:00,17554.00,
23.11.2022,18:15,17490.00,
23.11.2022,18:30,17463.00,
23.11.2022,18:45,17372.00,
23.11.2022,19:00,17248.00,
23.11.2022,19:15,17102.00,
23.11.2022,19:30,16959.00,
23.11.2022,19:45,16754.00,
23.11.2022,20:00,16557.00,
23.11.2022,20:15,16315.00,
23.11.2022,20:30,16112.00,
23.11.2022,20:45,15950.00,
23.11.2022,21:00,15760.00,
23.11.2022,21:15,15607.00,
23.11.2022,21:30,15430.00,
23.11.2022,21:45,15271.00,
23.11.2022,22:00,15089.00,
23.11.2022,22:15,14944.00,
23.11.2022,22:30,14725.00,
23.11.2022,22:45,14582.00,
23.11.2022,23:00,14309.00,
23.11.2022,23:15,14181.00,
23.11.2022,23:30,14071.00,
23.11.2022,23:45,13890.00,
24.11.2022,00:00,13137.00,
24.11.2022,00:15,13033.00,
24.11.2022,00:30,12980.00,
24.11.2022,00:45,12928.00,
24.11.2022,01:00,12637.00,
24.11.2022,01:15,12596.00,
24.11.2022,01:30,12504.00,
24.11.2022,01:45,12416.00,
24.11.2022,02:00,12447.00,
24.11.2022,02:15,12471.00,
24.11.2022,02:30,12486.00,
24.11.2022,02:45,12526.00,
24.11.2022,03:00,12590.00,
24.11.2022,03:15,12626.00,
24.11.2022,03:30,12681.00,
24.11.2022,03:45,12695.00,
24.11.2022,04:00,12854.00,
24.11.2022,04:15,12943.00,
24.11.2022,04:30,13033.00,
24.11.2022,04:45,13170.00,
24.11.2022,05:00,13563.00,
24.11.2022,05:15,13635.00,
24.11.2022,05:30,13885.00,
24.11.2022,05:45,14220.00,
24.11.2022,06:00,14915.00,
24.11.2022,06:15,15140.00,
24.11.2022,06:30,15498.00,
24.11.2022,06:45,15759.00,
24.11.2022,07:00,16116.00,
24.11.2022,07:15,16554.00,
24.11.2022,07:30,16761.00,
24.11.2022,07:45,16986.00,
24.11.2022,08:00,17199.00,
24.11.2022,08:15,17247.00,
24.11.2022,08:30,17301.00,
24.11.2022,08:45,17338.00,
24.11.2022,09:00,17355.00,
24.11.2022,09:15,17261.00,
24.11.2022,09:30,17366.00,
24.11.2022,09:45,17444.00,
24.11.2022,10:00,17476.00,
24.11.2022,10:15,17485.00,
24.11.2022,10:30,17576.00,
24.11.2022,10:45,17670.00,
24.11.2022,11:00,17753.00,
24.11.2022,11:15,17759.00,
24.11.2022,11:30,17784.00,
24.11.2022,11:45,17824.00,
24.11.2022,12:00,17756.00,
24.11.2022,12:15,17768.00,
24.11.2022,12:30,17729.00,
24.11.2022,12:45,17685.00,
24.11.2022,13:00,17668.00,
24.11.2022,13:15,17531.00,
24.11.2022,13:30,17358.00,
24.11.2022,13:45,17212.00,
24.11.2022,14:00,17188.00,
24.11.2022,14:15,17188.00,
24.11.2022,14:30,17072.00,
24.11.2022,14:45,16989.00,
24.11.2022,15:00,17056.00,
24.11.2022,15:15,16970.00,
24.11.2022,15:30,16875.00,
24.11.2022,15:45,16851.00,
24.11.2022,16:00,16980.00,
24.11.2022,16:15,17021.00,
24.11.2022,16:30,17150.00,
24.11.2022,16:45,17303.00,
24.11.2022,17:00,17424.00,
24.11.2022,17:15,17512.00,
24.11.2022,17:30,17560.00,
24.11.2022,17:45,17556.00,
24.11.2022,18:00,17495.00,
24.11.2022,18:15,17425.00,
24.11.2022,18:30,17403.00,
24.11.2022,18:45,17314.00,
24.11.2022,19:00,17185.00,
24.11.2022,19:15,17048.00,
24.11.2022,19:30,16907.00,
24.11.2022,19:45,16707.00,
24.11.2022,20:00,16486.00,
24.11.2022,20:15,16182.00,
24.11.2022,20:30,15949.00,
24.11.2022,20:45,15781.00,
24.11.2022,21:00,15598.00,
24.11.2022,21:15,15480.00,
24.11.2022,21:30,15257.00,
24.11.2022,21:45,15103.00,
24.11.2022,22:00,14958.00,
24.11.2022,22:15,14819.00,
24.11.2022,22:30,14558.00,
24.11.2022,22:45,14387.00,
24.11.2022,23:00,14109.00,
24.11.2022,23:15,14004.00,
24.11.2022,23:30,13893.00,
24.11.2022,23:45,13733.00,
25.11.2022,00:00,13179.00,
25.11.2022,00:15,13061.00,
25.11.2022,00:30,13000.00,
25.11.2022,00:45,12984.00,
25.11.2022,01:00,12712.00,
25.11.2022,01:15,12658.00,
25.11.2022,01:30,12610.00,
25.11.2022,01:45,12538.00,
25.11.2022,02:00,12512.00,
25.11.2022,02:15,12589.00,
25.11.2022,02:30,12588.00,
25.11.2022,02:45,12627.00,
25.11.2022,03:00,12698.00,
25.11.2022,03:15,12700.00,
25.11.2022,03:30,12755.00,
25.11.2022,03:45,12784.00,
25.11.2022,04:00,12959.00,
25.11.2022,04:15,13042.00,
25.11.2022,04:30,13150.00,
25.11.2022,04:45,13253.00,
25.11.2022,05:00,13645.00,
25.11.2022,05:15,13743.00,
25.11.2022,05:30,14029.00,
25.11.2022,05:45,14327.00,
25.11.2022,06:00,14914.00,
25.11.2022,06:15,15111.00,
25.11.2022,06:30,15458.00,
25.11.2022,06:45,15764.00,
25.11.2022,07:00,16094.00,
25.11.2022,07:15,16260.00,
25.11.2022,07:30,16502.00,
25.11.2022,07:45,16673.00,
25.11.2022,08:00,16947.00,
25.11.2022,08:15,17025.00,
25.11.2022,08:30,17135.00,
25.11.2022,08:45,17212.00,
25.11.2022,09:00,17175.00,
25.11.2022,09:15,17123.00,
25.11.2022,09:30,17260.00,
25.11.2022,09:45,17327.00,
25.11.2022,10:00,17365.00,
25.11.2022,10:15,17371.00,
25.11.2022,10:30,17438.00,
25.11.2022,10:45,17501.00,
25.11.2022,11:00,17527.00,
25.11.2022,11:15,17576.00,
25.11.2022,11:30,17603.00,
25.11.2022,11:45,17596.00,
25.11.2022,12:00,17491.00,
25.11.2022,12:15,17435.00,
25.11.2022,12:30,17453.00,
25.11.2022,12:45,17356.00,
25.11.2022,13:00,17361.00,
25.11.2022,13:15,17164.00,
25.11.2022,13:30,17032.00,
25.11.2022,13:45,16920.00,
25.11.2022,14:00,16849.00,
25.11.2022,14:15,16773.00,
25.11.2022,14:30,16695.00,
25.11.2022,14:45,16585.00,
25.11.2022,15:00,16658.00,
25.11.2022,15:15,16525.00,
25.11.2022,15:30,16481.00,
25.11.2022,15:45,16493.00,
25.11.2022,16:00,16607.00,
25.11.2022,16:15,16670.00,
25.11.2022,16:30,16769.00,
25.11.2022,16:45,16879.00,
25.11.2022,17:00,17051.00,
25.11.2022,17:15,17148.00,
25.11.2022,17:30,17179.00,
25.11.2022,17:45,17151.00,
25.11.2022,18:00,17097.00,
25.11.2022,18:15,17050.00,
25.11.2022,18:30,17035.00,
25.11.2022,18:45,16945.00,
25.11.2022,19:00,16796.00,
25.11.2022,19:15,16603.00,
25.11.2022,19:30,16452.00,
25.11.2022,19:45,16289.00,
25.11.2022,20:00,16018.00,
25.11.2022,20:15,15706.00,
25.11.2022,20:30,15467.00,
25.11.2022,20:45,15310.00,
25.11.2022,21:00,15116.00,
25.11.2022,21:15,14954.00,
25.11.2022,21:30,14760.00,
25.11.2022,21:45,14570.00,
25.11.2022,22:00,14399.00,
25.11.2022,22:15,14243.00,
25.11.2022,22:30,14032.00,
25.11.2022,22:45,13883.00,
25.11.2022,23:00,13636.00,
25.11.2022,23:15,13547.00,
25.11.2022,23:30,13430.00,
25.11.2022,23:45,13320.00,
26.11.2022,00:00,12591.00,
26.11.2022,00:15,12414.00,
26.11.2022,00:30,12316.00,
26.11.2022,00:45,12264.00,
26.11.2022,01:00,11996.00,
26.11.2022,01:15,11945.00,
26.11.2022,01:30,11843.00,
26.11.2022,01:45,11782.00,
26.11.2022,02:00,11775.00,
26.11.2022,02:15,11792.00,
26.11.2022,02:30,11780.00,
26.11.2022,02:45,11774.00,
26.11.2022,03:00,11802.00,
26.11.2022,03:15,11797.00,
26.11.2022,03:30,11806.00,
26.11.2022,03:45,11820.00,
26.11.2022,04:00,11912.00,
26.11.2022,04:15,11913.00,
26.11.2022,04:30,11915.00,
26.11.2022,04:45,11957.00,
26.11.2022,05:00,12104.00,
26.11.2022,05:15,12061.00,
26.11.2022,05:30,12129.00,
26.11.2022,05:45,12235.00,
26.11.2022,06:00,12384.00,
26.11.2022,06:15,12259.00,
26.11.2022,06:30,12333.00,
26.11.2022,06:45,12374.00,
26.11.2022,07:00,12515.00,
26.11.2022,07:15,12655.00,
26.11.2022,07:30,12827.00,
26.11.2022,07:45,13054.00,
26.11.2022,08:00,13313.00,
26.11.2022,08:15,13445.00,
26.11.2022,08:30,13589.00,
26.11.2022,08:45,13737.00,
26.11.2022,09:00,13909.00,
26.11.2022,09:15,13939.00,
26.11.2022,09:30,14143.00,
26.11.2022,09:45,14304.00,
26.11.2022,10:00,14425.00,
26.11.2022,10:15,14483.00,
26.11.2022,10:30,14617.00,
26.11.2022,10:45,14670.00,
26.11.2022,11:00,14726.00,
26.11.2022,11:15,14781.00,
26.11.2022,11:30,14777.00,
26.11.2022,11:45,14818.00,
26.11.2022,12:00,14733.00,
26.11.2022,12:15,14767.00,
26.11.2022,12:30,14705.00,
26.11.2022,12:45,14553.00,
26.11.2022,13:00,14476.00,
26.11.2022,13:15,14313.00,
26.11.2022,13:30,14196.00,
26.11.2022,13:45,14033.00,
26.11.2022,14:00,14065.00,
26.11.2022,14:15,14005.00,
26.11.2022,14:30,13933.00,
26.11.2022,14:45,13831.00,
26.11.2022,15:00,13867.00,
26.11.2022,15:15,13843.00,
26.11.2022,15:30,13827.00,
26.11.2022,15:45,13842.00,
26.11.2022,16:00,13996.00,
26.11.2022,16:15,14088.00,
26.11.2022,16:30,14258.00,
26.11.2022,16:45,14403.00,
26.11.2022,17:00,14671.00,
26.11.2022,17:15,14717.00,
26.11.2022,17:30,14775.00,
26.11.2022,17:45,14765.00,
26.11.2022,18:00,14750.00,
26.11.2022,18:15,14737.00,
26.11.2022,18:30,14706.00,
26.11.2022,18:45,14593.00,
26.11.2022,19:00,14458.00,
26.11.2022,19:15,14306.00,
26.11.2022,19:30,14129.00,
26.11.2022,19:45,13997.00,
26.11.2022,20:00,13787.00,
26.11.2022,20:15,13517.00,
26.11.2022,20:30,13321.00,
26.11.2022,20:45,13198.00,
26.11.2022,21:00,13041.00,
26.11.2022,21:15,12982.00,
26.11.2022,21:30,12868.00,
26.11.2022,21:45,12787.00,
26.11.2022,22:00,12742.00,
26.11.2022,22:15,12703.00,
26.11.2022,22:30,12545.00,
26.11.2022,22:45,12437.00,
26.11.2022,23:00,12271.00,
26.11.2022,23:15,12219.00,
26.11.2022,23:30,12175.00,
26.11.2022,23:45,12036.00,
27.11.2022,00:00,11781.00,
27.11.2022,00:15,11645.00,
27.11.2022,00:30,11513.00,
27.11.2022,00:45,11418.00,
27.11.2022,01:00,11159.00,
27.11.2022,01:15,11098.00,
27.11.2022,01:30,11005.00,
27.11.2022,01:45,10947.00,
27.11.2022,02:00,10921.00,
27.11.2022,02:15,10956.00,
27.11.2022,02:30,10870.00,
27.11.2022,02:45,10951.00,
27.11.2022,03:00,10958.00,
27.11.2022,03:15,10945.00,
27.11.2022,03:30,10968.00,
27.11.2022,03:45,10980.00,
27.11.2022,04:00,11099.00,
27.11.2022,04:15,11095.00,
27.11.2022,04:30,11137.00,
27.11.2022,04:45,11190.00,
27.11.2022,05:00,11368.00,
27.11.2022,05:15,11342.00,
27.11.2022,05:30,11371.00,
27.11.2022,05:45,11387.00,
27.11.2022,06:00,11490.00,
27.11.2022,06:15,11275.00,
27.11.2022,06:30,11280.00,
27.11.2022,06:45,11239.00,
27.11.2022,07:00,11313.00,
27.11.2022,07:15,11444.00,
27.11.2022,07:30,11613.00,
27.11.2022,07:45,11783.00,
27.11.2022,08:00,12017.00,
27.11.2022,08:15,12178.00,
27.11.2022,08:30,12398.00,
27.11.2022,08:45,12628.00,
27.11.2022,09:00,12872.00,
27.11.2022,09:15,12996.00,
27.11.2022,09:30,13263.00,
27.11.2022,09:45,13478.00,
27.11.2022,10:00,13563.00,
27.11.2022,10:15,13732.00,
27.11.2022,10:30,13970.00,
27.11.2022,10:45,14058.00,
27.11.2022,11:00,14224.00,
27.11.2022,11:15,14359.00,
27.11.2022,11:30,14431.00,
27.11.2022,11:45,14455.00,
27.11.2022,12:00,14421.00,
27.11.2022,12:15,14401.00,
27.11.2022,12:30,14343.00,
27.11.2022,12:45,14193.00,
27.11.2022,13:00,14127.00,
27.11.2022,13:15,13949.00,
27.11.2022,13:30,13802.00,
27.11.2022,13:45,13619.00,
27.11.2022,14:00,13650.00,
27.11.2022,14:15,13586.00,
27.11.2022,14:30,13510.00,
27.11.2022,14:45,13436.00,
27.11.2022,15:00,13482.00,
27.11.2022,15:15,13450.00,
27.11.2022,15:30,13488.00,
27.11.2022,15:45,13533.00,
27.11.2022,16:00,13635.00,
27.11.2022,16:15,13755.00,
27.11.2022,16:30,13923.00,
27.11.2022,16:45,14043.00,
27.11.2022,17:00,14254.00,
27.11.2022,17:15,14370.00,
27.11.2022,17:30,14434.00,
27.11.2022,17:45,14510.00,
27.11.2022,18:00,14643.00,
27.11.2022,18:15,14657.00,
27.11.2022,18:30,14653.00,
27.11.2022,18:45,14585.00,
27.11.2022,19:00,14507.00,
27.11.2022,19:15,14404.00,
27.11.2022,19:30,14235.00,
27.11.2022,19:45,14089.00,
27.11.2022,20:00,14006.00,
27.11.2022,20:15,13821.00,
27.11.2022,20:30,13736.00,
27.11.2022,20:45,13656.00,
27.11.2022,21:00,13515.00,
27.11.2022,21:15,13510.00,
27.11.2022,21:30,13464.00,
27.11.2022,21:45,13443.00,
27.11.2022,22:00,13467.00,
27.11.2022,22:15,13420.00,
27.11.2022,22:30,13276.00,
27.11.2022,22:45,13214.00,
27.11.2022,23:00,12995.00,
27.11.2022,23:15,12960.00,
27.11.2022,23:30,12887.00,
27.11.2022,23:45,12718.00,
28.11.2022,00:00,12315.50,
28.11.2022,00:15,12176.75,
28.11.2022,00:30,12078.25,
28.11.2022,00:45,12003.75,
28.11.2022,01:00,11722.50,
28.11.2022,01:15,11719.50,
28.11.2022,01:30,11652.50,
28.11.2022,01:45,11600.00,
28.11.2022,02:00,11606.50,
28.11.2022,02:15,11672.50,
28.11.2022,02:30,11662.25,
28.11.2022,02:45,11711.75,
28.11.2022,03:00,11809.50,
28.11.2022,03:15,11841.25,
28.11.2022,03:30,11890.75,
28.11.2022,03:45,11956.50,
28.11.2022,04:00,12163.25,
28.11.2022,04:15,12254.00,
28.11.2022,04:30,12389.25,
28.11.2022,04:45,12530.50,
28.11.2022,05:00,12966.25,
28.11.2022,05:15,13118.25,
28.11.2022,05:30,13441.25,
28.11.2022,05:45,13833.75,
28.11.2022,06:00,14523.75,
28.11.2022,06:15,14786.00,
28.11.2022,06:30,15133.25,
28.11.2022,06:45,15406.00,
28.11.2022,07:00,15816.50,
28.11.2022,07:15,16056.25,
28.11.2022,07:30,16284.00,
28.11.2022,07:45,16497.75,
28.11.2022,08:00,16719.50,
28.11.2022,08:15,16833.50,
28.11.2022,08:30,16906.75,
28.11.2022,08:45,16952.75,
28.11.2022,09:00,17045.50,
28.11.2022,09:15,16962.75,
28.11.2022,09:30,17101.50,
28.11.2022,09:45,17203.00,
28.11.2022,10:00,17261.00,
28.11.2022,10:15,17213.25,
28.11.2022,10:30,17333.25,
28.11.2022,10:45,17387.75,
28.11.2022,11:00,17476.50,
28.11.2022,11:15,17473.75,
28.11.2022,11:30,17494.50,
28.11.2022,11:45,17507.75,
28.11.2022,12:00,17446.00,
28.11.2022,12:15,17453.50,
28.11.2022,12:30,17458.00,
28.11.2022,12:45,17410.25,
28.11.2022,13:00,17374.75,
28.11.2022,13:15,17227.00,
28.11.2022,13:30,17050.00,
28.11.2022,13:45,16904.25,
28.11.2022,14:00,16981.25,
28.11.2022,14:15,16932.25,
28.11.2022,14:30,16798.75,
28.11.2022,14:45,16774.75,
28.11.2022,15:00,16806.00,
28.11.2022,15:15,16687.00,
28.11.2022,15:30,16654.00,
28.11.2022,15:45,16624.00,
28.11.2022,16:00,16604.75,
28.11.2022,16:15,16711.50,
28.11.2022,16:30,16824.25,
28.11.2022,16:45,16924.50,
28.11.2022,17:00,17043.25,
28.11.2022,17:15,17167.50,
28.11.2022,17:30,17204.50,
28.11.2022,17:45,17198.25,
28.11.2022,18:00,17156.00,
28.11.2022,18:15,17135.75,
28.11.2022,18:30,17116.00,
28.11.2022,18:45,17025.75,
28.11.2022,19:00,16886.00,
28.11.2022,19:15,16795.75,
28.11.2022,19:30,16648.00,
28.11.2022,19:45,16470.00,
28.11.2022,20:00,16310.75,
28.11.2022,20:15,16046.75,
28.11.2022,20:30,15874.00,
28.11.2022,20:45,15732.25,
28.11.2022,21:00,15524.50,
28.11.2022,21:15,15413.00,
28.11.2022,21:30,15239.75,
28.11.2022,21:45,15047.25,
28.11.2022,22:00,14857.25,
28.11.2022,22:15,14716.50,
28.11.2022,22:30,14541.00,
28.11.2022,22:45,14390.75,
28.11.2022,23:00,14109.50,
28.11.2022,23:15,14030.00,
28.11.2022,23:30,13935.50,
28.11.2022,23:45,13737.75,
29.11.2022,00:00,12609.00,
29.11.2022,00:15,12476.50,
29.11.2022,00:30,12385.00,
29.11.2022,00:45,12300.75,
29.11.2022,01:00,12054.00,
29.11.2022,01:15,11999.00,
29.11.2022,01:30,11911.00,
29.11.2022,01:45,11865.50,
29.11.2022,02:00,11914.25,
29.11.2022,02:15,11945.00,
29.11.2022,02:30,11925.00,
29.11.2022,02:45,11985.00,
29.11.2022,03:00,12030.25,
29.11.2022,03:15,12002.00,
29.11.2022,03:30,12066.00,
29.11.2022,03:45,12127.00,
29.11.2022,04:00,12266.00,
29.11.2022,04:15,12345.75,
29.11.2022,04:30,12467.75,
29.11.2022,04:45,12594.75,
29.11.2022,05:00,13017.50,
29.11.2022,05:15,13126.00,
29.11.2022,05:30,13401.00,
29.11.2022,05:45,13706.25,
29.11.2022,06:00,14543.00,
29.11.2022,06:15,14770.25,
29.11.2022,06:30,15082.50,
29.11.2022,06:45,15267.50,
29.11.2022,07:00,15652.00,
29.11.2022,07:15,16125.75,
29.11.2022,07:30,16335.75,
29.11.2022,07:45,16557.75,
29.11.2022,08:00,16771.25,
29.11.2022,08:15,16870.50,
29.11.2022,08:30,16936.50,
29.11.2022,08:45,16979.75,
29.11.2022,09:00,17046.00,
29.11.2022,09:15,16955.00,
29.11.2022,09:30,17097.00,
29.11.2022,09:45,17210.00,
29.11.2022,10:00,17221.00,
29.11.2022,10:15,17185.50,
29.11.2022,10:30,17299.75,
29.11.2022,10:45,17370.25,
29.11.2022,11:00,17442.75,
29.11.2022,11:15,17408.50,
29.11.2022,11:30,17436.50,
29.11.2022,11:45,17456.50,
29.11.2022,12:00,17384.50,
29.11.2022,12:15,17406.50,
29.11.2022,12:30,17387.50,
29.11.2022,12:45,17324.50,
29.11.2022,13:00,17322.50,
29.11.2022,13:15,17176.75,
29.11.2022,13:30,17009.50,
29.11.2022,13:45,16881.75,
29.11.2022,14:00,16935.75,
29.11.2022,14:15,16866.75,
29.11.2022,14:30,16774.50,
29.11.2022,14:45,16652.25,
29.11.2022,15:00,16650.50,
29.11.2022,15:15,16556.00,
29.11.2022,15:30,16489.75,
29.11.2022,15:45,16464.50,
29.11.2022,16:00,16577.25,
29.11.2022,16:15,16669.75,
29.11.2022,16:30,16786.50,
29.11.2022,16:45,16911.75,
29.11.2022,17:00,17017.75,
29.11.2022,17:15,17125.50,
29.11.2022,17:30,17194.75,
29.11.2022,17:45,17193.25,
29.11.2022,18:00,17150.50,
29.11.2022,18:15,17121.00,
29.11.2022,18:30,17103.75,
29.11.2022,18:45,17016.25,
29.11.2022,19:00,16878.25,
29.11.2022,19:15,16748.25,
29.11.2022,19:30,16613.75,
29.11.2022,19:45,16426.25,
29.11.2022,20:00,16278.75,
29.11.2022,20:15,16051.25,
29.11.2022,20:30,15863.25,
29.11.2022,20:45,15710.25,
29.11.2022,21:00,15512.00,
29.11.2022,21:15,15362.00,
29.11.2022,21:30,15179.00,
29.11.2022,21:45,14994.75,
29.11.2022,22:00,14821.75,
29.11.2022,22:15,14664.75,
29.11.2022,22:30,14460.25,
29.11.2022,22:45,14323.00,
29.11.2022,23:00,14040.50,
29.11.2022,23:15,13921.50,
29.11.2022,23:30,13823.00,
29.11.2022,23:45,13651.50,
30.11.2022,00:00,12677.75,
30.11.2022,00:15,12537.25,
30.11.2022,00:30,12467.50,
30.11.2022,00:45,12403.00,
30.11.2022,01:00,12132.25,
30.11.2022,01:15,12098.50,
30.11.2022,01:30,12005.25,
30.11.2022,01:45,11915.00,
30.11.2022,02:00,11963.75,
30.11.2022,02:15,11957.00,
30.11.2022,02:30,11957.50,
30.11.2022,02:45,11975.25,
30.11.2022,03:00,12032.00,
30.11.2022,03:15,12028.50,
30.11.2022,03:30,12075.00,
30.11.2022,03:45,12096.50,
30.11.2022,04:00,12210.25,
30.11.2022,04:15,12281.50,
30.11.2022,04:30,12395.00,
30.11.2022,04:45,12526.50,
30.11.2022,05:00,12906.50,
30.11.2022,05:15,13007.50,
30.11.2022,05:30,13269.00,
30.11.2022,05:45,13554.00,
30.11.2022,06:00,14289.00,
30.11.2022,06:15,14489.75,
30.11.2022,06:30,14836.75,
30.11.2022,06:45,15072.50,
30.11.2022,07:00,15378.00,
30.11.2022,07:15,15697.50,
30.11.2022,07:30,15885.00,
30.11.2022,07:45,16095.25,
30.11.2022,08:00,16360.00,
30.11.2022,08:15,16389.00,
30.11.2022,08:30,16484.25,
30.11.2022,08:45,16528.00,
30.11.2022,09:00,16557.00,
30.11.2022,09:15,16444.00,
30.11.2022,09:30,16589.50,
30.11.2022,09:45,16690.00,
30.11.2022,10:00,16743.25,
30.11.2022,10:15,16775.00,
30.11.2022,10:30,16907.50,
30.11.2022,10:45,16948.00,
30.11.2022,11:00,17045.25,
30.11.2022,11:15,17045.00,
30.11.2022,11:30,17057.75,
30.11.2022,11:45,17122.50,
30.11.2022,12:00,17063.75,
30.11.2022,12:15,17059.75,
30.11.2022,12:30,17016.25,
30.11.2022,12:45,16921.75,
30.11.2022,13:00,16938.75,
30.11.2022,13:15,16809.00,
30.11.2022,13:30,16656.25,
30.11.2022,13:45,16519.50,
30.11.2022,14:00,16540.25,
30.11.2022,14:15,16495.50,
30.11.2022,14:30,16388.75,
30.11.2022,14:45,16259.00,
30.11.2022,15:00,16291.25,
30.11.2022,15:15,16205.75,
30.11.2022,15:30,16151.00,
30.11.2022,15:45,16120.00,
30.11.2022,16:00,16185.75,
30.11.2022,16:15,16215.50,
30.11.2022,16:30,16328.00,
30.11.2022,16:45,16395.75,
30.11.2022,17:00,16465.75,
30.11.2022,17:15,16565.25,
30.11.2022,17:30,16602.25,
30.11.2022,17:45,16597.50,
30.11.2022,18:00,16576.50,
30.11.2022,18:15,16544.00,
30.11.2022,18:30,16580.75,
30.11.2022,18:45,16519.00,
30.11.2022,19:00,16404.50,
30.11.2022,19:15,16280.50,
30.11.2022,19:30,16157.25,
30.11.2022,19:45,15992.25,
30.11.2022,20:00,15798.50,
30.11.2022,20:15,15535.25,
30.11.2022,20:30,15317.25,
30.11.2022,20:45,15158.25,
30.11.2022,21:00,14928.75,
30.11.2022,21:15,14807.75,
30.11.2022,21:30,14570.25,
30.11.2022,21:45,14432.75,
30.11.2022,22:00,14260.50,
30.11.2022,22:15,14116.50,
30.11.2022,22:30,13854.00,
30.11.2022,22:45,13742.00,
30.11.2022,23:00,13494.25,
30.11.2022,23:15,13441.50,
30.11.2022,23:30,13328.50,
30.11.2022,23:45,13158.00,
