Datum,Uhrzeit,Gesamt,,
01.11.2022,00:00,10561.00,,
01.11.2022,00:15,10479.00,,
01.11.2022,00:30,10342.00,,
01.11.2022,00:45,10372.00,,
01.11.2022,01:00,10280.00,,
01.11.2022,01:15,10253.00,,
01.11.2022,01:30,10174.00,,
01.11.2022,01:45,10144.00,,
01.11.2022,02:00,10437.00,,
01.11.2022,02:15,10484.00,,
01.11.2022,02:30,10374.00,,
01.11.2022,02:45,10357.00,,
01.11.2022,03:00,10455.00,,
01.11.2022,03:15,10521.00,,
01.11.2022,03:30,10544.00,,
01.11.2022,03:45,10484.00,,
01.11.2022,04:00,10619.00,,
01.11.2022,04:15,10697.00,,
01.11.2022,04:30,10819.00,,
01.11.2022,04:45,10897.00,,
01.11.2022,05:00,11078.00,,
01.11.2022,05:15,11116.00,,
01.11.2022,05:30,11163.00,,
01.11.2022,05:45,11243.00,,
01.11.2022,06:00,11520.00,,
01.11.2022,06:15,11661.00,,
01.11.2022,06:30,11779.00,,
01.11.2022,06:45,11981.00,,
01.11.2022,07:00,12077.00,,
01.11.2022,07:15,12161.00,,
01.11.2022,07:30,12465.00,,
01.11.2022,07:45,12719.00,,
01.11.2022,08:00,12811.00,,
01.11.2022,08:15,13001.00,,
01.11.2022,08:30,13173.00,,
01.11.2022,08:45,13296.00,,
01.11.2022,09:00,13559.00,,
01.11.2022,09:15,13530.00,,
01.11.2022,09:30,13740.00,,
01.11.2022,09:45,13828.00,,
01.11.2022,10:00,13871.00,,
01.11.2022,10:15,14119.00,,
01.11.2022,10:30,14354.00,,
01.11.2022,10:45,14431.00,,
01.11.2022,11:00,14561.00,,
01.11.2022,11:15,14716.00,,
01.11.2022,11:30,14836.00,,
01.11.2022,11:45,14869.00,,
01.11.2022,12:00,14675.00,,
01.11.2022,12:15,14558.00,,
01.11.2022,12:30,14500.00,,
01.11.2022,12:45,14519.00,,
01.11.2022,13:00,14456.00,,
01.11.2022,13:15,14143.00,,
01.11.2022,13:30,13929.00,,
01.11.2022,13:45,13790.00,,
01.11.2022,14:00,13821.00,,
01.11.2022,14:15,13644.00,,
01.11.2022,14:30,13504.00,,
01.11.2022,14:45,13376.00,,
01.11.2022,15:00,13379.00,,
01.11.2022,15:15,13277.00,,
01.11.2022,15:30,13358.00,,
01.11.2022,15:45,13304.00,,
01.11.2022,16:00,13324.00,,
01.11.2022,16:15,13468.00,,
01.11.2022,16:30,13424.00,,
01.11.2022,16:45,13456.00,,
01.11.2022,17:00,13280.00,,
01.11.2022,17:15,13931.00,,
01.11.2022,17:30,14218.00,,
01.11.2022,17:45,14265.00,,
01.11.2022,18:00,14298.00,,
01.11.2022,18:15,14206.00,,
01.11.2022,18:30,14164.00,,
01.11.2022,18:45,14072.00,,
01.11.2022,19:00,13978.00,,
01.11.2022,19:15,13891.00,,
01.11.2022,19:30,13797.00,,
01.11.2022,19:45,13729.00,,
01.11.2022,20:00,13729.00,,
01.11.2022,20:15,13484.00,,
01.11.2022,20:30,13286.00,,
01.11.2022,20:45,13158.00,,
01.11.2022,21:00,13097.00,,
01.11.2022,21:15,12865.00,,
01.11.2022,21:30,12812.00,,
01.11.2022,21:45,12798.00,,
01.11.2022,22:00,12711.00,,
01.11.2022,22:15,12552.00,,
01.11.2022,22:30,12349.00,,
01.11.2022,22:45,12223.00,,
01.11.2022,23:00,12063.00,,
01.11.2022,23:15,11892.00,,
01.11.2022,23:30,11681.00,,
01.11.2022,23:45,11557.00,,
02.11.2022,00:00,11500.00,,
02.11.2022,00:15,11496.00,,
02.11.2022,00:30,11479.00,,
02.11.2022,00:45,11412.00,,
02.11.2022,01:00,11237.00,,
02.11.2022,01:15,11099.00,,
02.11.2022,01:30,11038.00,,
02.11.2022,01:45,11047.00,,
02.11.2022,02:00,10973.00,,
02.11.2022,02:15,10888.00,,
02.11.2022,02:30,10855.00,,
02.11.2022,02:45,10888.00,,
02.11.2022,03:00,10885.00,,
02.11.2022,03:15,10899.00,,
02.11.2022,03:30,11003.00,,
02.11.2022,03:45,11055.00,,
02.11.2022,04:00,11261.00,,
02.11.2022,04:15,11386.00,,
02.11.2022,04:30,11489.00,,
02.11.2022,04:45,11707.00,,
02.11.2022,05:00,12120.00,,
02.11.2022,05:15,12383.00,,
02.11.2022,05:30,12664.00,,
02.11.2022,05:45,13043.00,,
02.11.2022,06:00,13892.00,,
02.11.2022,06:15,14213.00,,
02.11.2022,06:30,14559.00,,
02.11.2022,06:45,14764.00,,
02.11.2022,07:00,15078.00,,
02.11.2022,07:15,15416.00,,
02.11.2022,07:30,15552.00,,
02.11.2022,07:45,15940.00,,
02.11.2022,08:00,16298.00,,
02.11.2022,08:15,16411.00,,
02.11.2022,08:30,16420.00,,
02.11.2022,08:45,16464.00,,
02.11.2022,09:00,16313.00,,
02.11.2022,09:15,16279.00,,
02.11.2022,09:30,16427.00,,
02.11.2022,09:45,16885.00,,
02.11.2022,10:00,16739.00,,
02.11.2022,10:15,16877.00,,
02.11.2022,10:30,17048.00,,
02.11.2022,10:45,17200.00,,
02.11.2022,11:00,17550.00,,
02.11.2022,11:15,17468.00,,
02.11.2022,11:30,17561.00,,
02.11.2022,11:45,17639.00,,
02.11.2022,12:00,17415.00,,
02.11.2022,12:15,17324.00,,
02.11.2022,12:30,17291.00,,
02.11.2022,12:45,17093.00,,
02.11.2022,13:00,17009.00,,
02.11.2022,13:15,16775.00,,
02.11.2022,13:30,16649.00,,
02.11.2022,13:45,16310.00,,
02.11.2022,14:00,16268.00,,
02.11.2022,14:15,16205.00,,
02.11.2022,14:30,16150.00,,
02.11.2022,14:45,16125.00,,
02.11.2022,15:00,16021.00,,
02.11.2022,15:15,16270.00,,
02.11.2022,15:30,15933.00,,
02.11.2022,15:45,15857.00,,
02.11.2022,16:00,15967.00,,
02.11.2022,16:15,15955.00,,
02.11.2022,16:30,15965.00,,
02.11.2022,16:45,15909.00,,
02.11.2022,17:00,16158.00,,
02.11.2022,17:15,16267.00,,
02.11.2022,17:30,16345.00,,
02.11.2022,17:45,16281.00,,
02.11.2022,18:00,16136.00,,
02.11.2022,18:15,16052.00,,
02.11.2022,18:30,16045.00,,
02.11.2022,18:45,16002.00,,
02.11.2022,19:00,15958.00,,
02.11.2022,19:15,15838.00,,
02.11.2022,19:30,15719.00,,
02.11.2022,19:45,15641.00,,
02.11.2022,20:00,15450.00,,
02.11.2022,20:15,15142.00,,
02.11.2022,20:30,14872.00,,
02.11.2022,20:45,14659.00,,
02.11.2022,21:00,14526.00,,
02.11.2022,21:15,14265.00,,
02.11.2022,21:30,13985.00,,
02.11.2022,21:45,13910.00,,
02.11.2022,22:00,13719.00,,
02.11.2022,22:15,13605.00,,
02.11.2022,22:30,13330.00,,
02.11.2022,22:45,13186.00,,
02.11.2022,23:00,12761.00,,
02.11.2022,23:15,12669.00,,
02.11.2022,23:30,12659.00,,
02.11.2022,23:45,12400.00,,
03.11.2022,00:00,12257.00,,
03.11.2022,00:15,12223.00,,
03.11.2022,00:30,12115.00,,
03.11.2022,00:45,12048.00,,
03.11.2022,01:00,11930.00,,
03.11.2022,01:15,11902.00,,
03.11.2022,01:30,11935.00,,
03.11.2022,01:45,11806.00,,
03.11.2022,02:00,11780.00,,
03.11.2022,02:15,11746.00,,
03.11.2022,02:30,11777.00,,
03.11.2022,02:45,11819.00,,
03.11.2022,03:00,11855.00,,
03.11.2022,03:15,11851.00,,
03.11.2022,03:30,11963.00,,
03.11.2022,03:45,11951.00,,
03.11.2022,04:00,12057.00,,
03.11.2022,04:15,12157.00,,
03.11.2022,04:30,12302.00,,
03.11.2022,04:45,12542.00,,
03.11.2022,05:00,12773.00,,
03.11.2022,05:15,12850.00,,
03.11.2022,05:30,13131.00,,
03.11.2022,05:45,13501.00,,
03.11.2022,06:00,14362.00,,
03.11.2022,06:15,14558.00,,
03.11.2022,06:30,14927.00,,
03.11.2022,06:45,15130.00,,
03.11.2022,07:00,15395.00,,
03.11.2022,07:15,15575.00,,
03.11.2022,07:30,15785.00,,
03.11.2022,07:45,15980.00,,
03.11.2022,08:00,16274.00,,
03.11.2022,08:15,16353.00,,
03.11.2022,08:30,16338.00,,
03.11.2022,08:45,16440.00,,
03.11.2022,09:00,16449.00,,
03.11.2022,09:15,16506.00,,
03.11.2022,09:30,16599.00,,
03.11.2022,09:45,16694.00,,
03.11.2022,10:00,16390.00,,
03.11.2022,10:15,16699.00,,
03.11.2022,10:30,16786.00,,
03.11.2022,10:45,16916.00,,
03.11.2022,11:00,17089.00,,
03.11.2022,11:15,17187.00,,
03.11.2022,11:30,17264.00,,
03.11.2022,11:45,17226.00,,
03.11.2022,12:00,17173.00,,
03.11.2022,12:15,17224.00,,
03.11.2022,12:30,17086.00,,
03.11.2022,12:45,16991.00,,
03.11.2022,13:00,16949.00,,
03.11.2022,13:15,16760.00,,
03.11.2022,13:30,16468.00,,
03.11.2022,13:45,16434.00,,
03.11.2022,14:00,16396.00,,
03.11.2022,14:15,16400.00,,
03.11.2022,14:30,16344.00,,
03.11.2022,14:45,16183.00,,
03.11.2022,15:00,16317.00,,
03.11.2022,15:15,16192.00,,
03.11.2022,15:30,16083.00,,
03.11.2022,15:45,15993.00,,
03.11.2022,16:00,16034.00,,
03.11.2022,16:15,16052.00,,
03.11.2022,16:30,16015.00,,
03.11.2022,16:45,16181.00,,
03.11.2022,17:00,16600.00,,
03.11.2022,17:15,16856.00,,
03.11.2022,17:30,17049.00,,
03.11.2022,17:45,17118.00,,
03.11.2022,18:00,17106.00,,
03.11.2022,18:15,16918.00,,
03.11.2022,18:30,16822.00,,
03.11.2022,18:45,16785.00,,
03.11.2022,19:00,16630.00,,
03.11.2022,19:15,16418.00,,
03.11.2022,19:30,16183.00,,
03.11.2022,19:45,16166.00,,
03.11.2022,20:00,15791.00,,
03.11.2022,20:15,15481.00,,
03.11.2022,20:30,15283.00,,
03.11.2022,20:45,15130.00,,
03.11.2022,21:00,14911.00,,
03.11.2022,21:15,14654.00,,
03.11.2022,21:30,14413.00,,
03.11.2022,21:45,14250.00,,
03.11.2022,22:00,13941.00,,
03.11.2022,22:15,13804.00,,
03.11.2022,22:30,13606.00,,
03.11.2022,22:45,13362.00,,
03.11.2022,23:00,13114.00,,
03.11.2022,23:15,12923.00,,
03.11.2022,23:30,12721.00,,
03.11.2022,23:45,12421.00,,
04.11.2022,00:00,12280.00,,
04.11.2022,00:15,12090.00,,
04.11.2022,00:30,12084.00,,
04.11.2022,00:45,11995.00,,
04.11.2022,01:00,11906.00,,
04.11.2022,01:15,11811.00,,
04.11.2022,01:30,11688.00,,
04.11.2022,01:45,11518.00,,
04.11.2022,02:00,11359.00,,
04.11.2022,02:15,11314.00,,
04.11.2022,02:30,11446.00,,
04.11.2022,02:45,11478.00,,
04.11.2022,03:00,11562.00,,
04.11.2022,03:15,11629.00,,
04.11.2022,03:30,11718.00,,
04.11.2022,03:45,11763.00,,
04.11.2022,04:00,11815.00,,
04.11.2022,04:15,11873.00,,
04.11.2022,04:30,12085.00,,
04.11.2022,04:45,12288.00,,
04.11.2022,05:00,12635.00,,
04.11.2022,05:15,12787.00,,
04.11.2022,05:30,13119.00,,
04.11.2022,05:45,13477.00,,
04.11.2022,06:00,14218.00,,
04.11.2022,06:15,14731.00,,
04.11.2022,06:30,15013.00,,
04.11.2022,06:45,15331.00,,
04.11.2022,07:00,15702.00,,
04.11.2022,07:15,15922.00,,
04.11.2022,07:30,16005.00,,
04.11.2022,07:45,16161.00,,
04.11.2022,08:00,16212.00,,
04.11.2022,08:15,16304.00,,
04.11.2022,08:30,16448.00,,
04.11.2022,08:45,16532.00,,
04.11.2022,09:00,16617.00,,
04.11.2022,09:15,16497.00,,
04.11.2022,09:30,16670.00,,
04.11.2022,09:45,16725.00,,
04.11.2022,10:00,16915.00,,
04.11.2022,10:15,16860.00,,
04.11.2022,10:30,16949.00,,
04.11.2022,10:45,16935.00,,
04.11.2022,11:00,16834.00,,
04.11.2022,11:15,16476.00,,
04.11.2022,11:30,16820.00,,
04.11.2022,11:45,16809.00,,
04.11.2022,12:00,16573.00,,
04.11.2022,12:15,16513.00,,
04.11.2022,12:30,16566.00,,
04.11.2022,12:45,16440.00,,
04.11.2022,13:00,16226.00,,
04.11.2022,13:15,16171.00,,
04.11.2022,13:30,15978.00,,
04.11.2022,13:45,15785.00,,
04.11.2022,14:00,15553.00,,
04.11.2022,14:15,15559.00,,
04.11.2022,14:30,15520.00,,
04.11.2022,14:45,15458.00,,
04.11.2022,15:00,15510.00,,
04.11.2022,15:15,15561.00,,
04.11.2022,15:30,15310.00,,
04.11.2022,15:45,15343.00,,
04.11.2022,16:00,15386.00,,
04.11.2022,16:15,15504.00,,
04.11.2022,16:30,15383.00,,
04.11.2022,16:45,15471.00,,
04.11.2022,17:00,15771.00,,
04.11.2022,17:15,16005.00,,
04.11.2022,17:30,16056.00,,
04.11.2022,17:45,15913.00,,
04.11.2022,18:00,15863.00,,
04.11.2022,18:15,15803.00,,
04.11.2022,18:30,15678.00,,
04.11.2022,18:45,15575.00,,
04.11.2022,19:00,15536.00,,
04.11.2022,19:15,15360.00,,
04.11.2022,19:30,15200.00,,
04.11.2022,19:45,15082.00,,
04.11.2022,20:00,14984.00,,
04.11.2022,20:15,14781.00,,
04.11.2022,20:30,14535.00,,
04.11.2022,20:45,14282.00,,
04.11.2022,21:00,14167.00,,
04.11.2022,21:15,13993.00,,
04.11.2022,21:30,13795.00,,
04.11.2022,21:45,13478.00,,
04.11.2022,22:00,13372.00,,
04.11.2022,22:15,13143.00,,
04.11.2022,22:30,12991.00,,
04.11.2022,22:45,12787.00,,
04.11.2022,23:00,12471.00,,
04.11.2022,23:15,12350.00,,
04.11.2022,23:30,12296.00,,
04.11.2022,23:45,12138.00,,
05.11.2022,00:00,11680.00,,
05.11.2022,00:15,11540.00,,
05.11.2022,00:30,11351.00,,
05.11.2022,00:45,11325.00,,
05.11.2022,01:00,11182.00,,
05.11.2022,01:15,11178.00,,
05.11.2022,01:30,11163.00,,
05.11.2022,01:45,11059.00,,
05.11.2022,02:00,11034.00,,
05.11.2022,02:15,11093.00,,
05.11.2022,02:30,11039.00,,
05.11.2022,02:45,11071.00,,
05.11.2022,03:00,11127.00,,
05.11.2022,03:15,11135.00,,
05.11.2022,03:30,11105.00,,
05.11.2022,03:45,11191.00,,
05.11.2022,04:00,11074.00,,
05.11.2022,04:15,11100.00,,
05.11.2022,04:30,11199.00,,
05.11.2022,04:45,11135.00,,
05.11.2022,05:00,11111.00,,
05.11.2022,05:15,11184.00,,
05.11.2022,05:30,11224.00,,
05.11.2022,05:45,11282.00,,
05.11.2022,06:00,11273.00,,
05.11.2022,06:15,11308.00,,
05.11.2022,06:30,11459.00,,
05.11.2022,06:45,11625.00,,
05.11.2022,07:00,11804.00,,
05.11.2022,07:15,11922.00,,
05.11.2022,07:30,12172.00,,
05.11.2022,07:45,12359.00,,
05.11.2022,08:00,12528.00,,
05.11.2022,08:15,12757.00,,
05.11.2022,08:30,12948.00,,
05.11.2022,08:45,13085.00,,
05.11.2022,09:00,13248.00,,
05.11.2022,09:15,13299.00,,
05.11.2022,09:30,13378.00,,
05.11.2022,09:45,13481.00,,
05.11.2022,10:00,13644.00,,
05.11.2022,10:15,13541.00,,
05.11.2022,10:30,13618.00,,
05.11.2022,10:45,13624.00,,
05.11.2022,11:00,13665.00,,
05.11.2022,11:15,13853.00,,
05.11.2022,11:30,13931.00,,
05.11.2022,11:45,14054.00,,
05.11.2022,12:00,14087.00,,
05.11.2022,12:15,14050.00,,
05.11.2022,12:30,13957.00,,
05.11.2022,12:45,13990.00,,
05.11.2022,13:00,13839.00,,
05.11.2022,13:15,13714.00,,
05.11.2022,13:30,13642.00,,
05.11.2022,13:45,13512.00,,
05.11.2022,14:00,13476.00,,
05.11.2022,14:15,13375.00,,
05.11.2022,14:30,13298.00,,
05.11.2022,14:45,13349.00,,
05.11.2022,15:00,13340.00,,
05.11.2022,15:15,13266.00,,
05.11.2022,15:30,13176.00,,
05.11.2022,15:45,13104.00,,
05.11.2022,16:00,13038.00,,
05.11.2022,16:15,12985.00,,
05.11.2022,16:30,13060.00,,
05.11.2022,16:45,13279.00,,
05.11.2022,17:00,13620.00,,
05.11.2022,17:15,13926.00,,
05.11.2022,17:30,14046.00,,
05.11.2022,17:45,14093.00,,
05.11.2022,18:00,14170.00,,
05.11.2022,18:15,14138.00,,
05.11.2022,18:30,14080.00,,
05.11.2022,18:45,13966.00,,
05.11.2022,19:00,13916.00,,
05.11.2022,19:15,13722.00,,
05.11.2022,19:30,13651.00,,
05.11.2022,19:45,13520.00,,
05.11.2022,20:00,13300.00,,
05.11.2022,20:15,13063.00,,
05.11.2022,20:30,12891.00,,
05.11.2022,20:45,12749.00,,
05.11.2022,21:00,12562.00,,
05.11.2022,21:15,12472.00,,
05.11.2022,21:30,12338.00,,
05.11.2022,21:45,12166.00,,
05.11.2022,22:00,12106.00,,
05.11.2022,22:15,12066.00,,
05.11.2022,22:30,11928.00,,
05.11.2022,22:45,11754.00,,
05.11.2022,23:00,11607.00,,
05.11.2022,23:15,11434.00,,
05.11.2022,23:30,11363.00,,
05.11.2022,23:45,11338.00,,
06.11.2022,00:00,11169.00,,
06.11.2022,00:15,10887.00,,
06.11.2022,00:30,10709.00,,
06.11.2022,00:45,10646.00,,
06.11.2022,01:00,10612.00,,
06.11.2022,01:15,10516.00,,
06.11.2022,01:30,10392.00,,
06.11.2022,01:45,10388.00,,
06.11.2022,02:00,10130.00,,
06.11.2022,02:15,10215.00,,
06.11.2022,02:30,10284.00,,
06.11.2022,02:45,10310.00,,
06.11.2022,03:00,10217.00,,
06.11.2022,03:15,10205.00,,
06.11.2022,03:30,10325.00,,
06.11.2022,03:45,10298.00,,
06.11.2022,04:00,10211.00,,
06.11.2022,04:15,10181.00,,
06.11.2022,04:30,10264.00,,
06.11.2022,04:45,10318.00,,
06.11.2022,05:00,10519.00,,
06.11.2022,05:15,10413.00,,
06.11.2022,05:30,10419.00,,
06.11.2022,05:45,10411.00,,
06.11.2022,06:00,10274.00,,
06.11.2022,06:15,10485.00,,
06.11.2022,06:30,10497.00,,
06.11.2022,06:45,10581.00,,
06.11.2022,07:00,10644.00,,
06.11.2022,07:15,10706.00,,
06.11.2022,07:30,10863.00,,
06.11.2022,07:45,11005.00,,
06.11.2022,08:00,11164.00,,
06.11.2022,08:15,11345.00,,
06.11.2022,08:30,11581.00,,
06.11.2022,08:45,11826.00,,
06.11.2022,09:00,12026.00,,
06.11.2022,09:15,12218.00,,
06.11.2022,09:30,12379.00,,
06.11.2022,09:45,12493.00,,
06.11.2022,10:00,12705.00,,
06.11.2022,10:15,12887.00,,
06.11.2022,10:30,13115.00,,
06.11.2022,10:45,13211.00,,
06.11.2022,11:00,13518.00,,
06.11.2022,11:15,13704.00,,
06.11.2022,11:30,13825.00,,
06.11.2022,11:45,13729.00,,
06.11.2022,12:00,13498.00,,
06.11.2022,12:15,13467.00,,
06.11.2022,12:30,13323.00,,
06.11.2022,12:45,13249.00,,
06.11.2022,13:00,13293.00,,
06.11.2022,13:15,13072.00,,
06.11.2022,13:30,12855.00,,
06.11.2022,13:45,12688.00,,
06.11.2022,14:00,12663.00,,
06.11.2022,14:15,12591.00,,
06.11.2022,14:30,12484.00,,
06.11.2022,14:45,12549.00,,
06.11.2022,15:00,12561.00,,
06.11.2022,15:15,12569.00,,
06.11.2022,15:30,12532.00,,
06.11.2022,15:45,12609.00,,
06.11.2022,16:00,12564.00,,
06.11.2022,16:15,12533.00,,
06.11.2022,16:30,12709.00,,
06.11.2022,16:45,12845.00,,
06.11.2022,17:00,13301.00,,
06.11.2022,17:15,13620.00,,
06.11.2022,17:30,13816.00,,
06.11.2022,17:45,13875.00,,
06.11.2022,18:00,13979.00,,
06.11.2022,18:15,13951.00,,
06.11.2022,18:30,13867.00,,
06.11.2022,18:45,13808.00,,
06.11.2022,19:00,13724.00,,
06.11.2022,19:15,13645.00,,
06.11.2022,19:30,13415.00,,
06.11.2022,19:45,13160.00,,
06.11.2022,20:00,13172.00,,
06.11.2022,20:15,12865.00,,
06.11.2022,20:30,12790.00,,
06.11.2022,20:45,12852.00,,
06.11.2022,21:00,12566.00,,
06.11.2022,21:15,12576.00,,
06.11.2022,21:30,12697.00,,
06.11.2022,21:45,12760.00,,
06.11.2022,22:00,12767.00,,
06.11.2022,22:15,12664.00,,
06.11.2022,22:30,12476.00,,
06.11.2022,22:45,12337.00,,
06.11.2022,23:00,12175.00,,
06.11.2022,23:15,12141.00,,
06.11.2022,23:30,12004.00,,
06.11.2022,23:45,11826.00,,
07.11.2022,00:00,11503.00,,
07.11.2022,00:15,11155.00,,
07.11.2022,00:30,10901.00,,
07.11.2022,00:45,10852.00,,
07.11.2022,01:00,10738.00,,
07.11.2022,01:15,10662.00,,
07.11.2022,01:30,10569.00,,
07.11.2022,01:45,10510.00,,
07.11.2022,02:00,10452.00,,
07.11.2022,02:15,10327.00,,
07.11.2022,02:30,10428.00,,
07.11.2022,02:45,10494.00,,
07.11.2022,03:00,10460.00,,
07.11.2022,03:15,10498.00,,
07.11.2022,03:30,10559.00,,
07.11.2022,03:45,10719.00,,
07.11.2022,04:00,10877.00,,
07.11.2022,04:15,10864.00,,
07.11.2022,04:30,11053.00,,
07.11.2022,04:45,11339.00,,
07.11.2022,05:00,11908.00,,
07.11.2022,05:15,12273.00,,
07.11.2022,05:30,12667.00,,
07.11.2022,05:45,13033.00,,
07.11.2022,06:00,13891.00,,
07.11.2022,06:15,14393.00,,
07.11.2022,06:30,14834.00,,
07.11.2022,06:45,15154.00,,
07.11.2022,07:00,15481.00,,
07.11.2022,07:15,15650.00,,
07.11.2022,07:30,15876.00,,
07.11.2022,07:45,16077.00,,
07.11.2022,08:00,16220.00,,
07.11.2022,08:15,16422.00,,
07.11.2022,08:30,16518.00,,
07.11.2022,08:45,16593.00,,
07.11.2022,09:00,16562.00,,
07.11.2022,09:15,16663.00,,
07.11.2022,09:30,16855.00,,
07.11.2022,09:45,16367.00,,
07.11.2022,10:00,16059.00,,
07.11.2022,10:15,16848.00,,
07.11.2022,10:30,17086.00,,
07.11.2022,10:45,17166.00,,
07.11.2022,11:00,17521.00,,
07.11.2022,11:15,17583.00,,
07.11.2022,11:30,17538.00,,
07.11.2022,11:45,17687.00,,
07.11.2022,12:00,17543.00,,
07.11.2022,12:15,17460.00,,
07.11.2022,12:30,17402.00,,
07.11.2022,12:45,17362.00,,
07.11.2022,13:00,17331.00,,
07.11.2022,13:15,17282.00,,
07.11.2022,13:30,16979.00,,
07.11.2022,13:45,16849.00,,
07.11.2022,14:00,16588.00,,
07.11.2022,14:15,16509.00,,
07.11.2022,14:30,16396.00,,
07.11.2022,14:45,16274.00,,
07.11.2022,15:00,16254.00,,
07.11.2022,15:15,16177.00,,
07.11.2022,15:30,16364.00,,
07.11.2022,15:45,16186.00,,
07.11.2022,16:00,16184.00,,
07.11.2022,16:15,15160.00,,
07.11.2022,16:30,16065.00,,
07.11.2022,16:45,16276.00,,
07.11.2022,17:00,16439.00,,
07.11.2022,17:15,16683.00,,
07.11.2022,17:30,16816.00,,
07.11.2022,17:45,16852.00,,
07.11.2022,18:00,16943.00,,
07.11.2022,18:15,16667.00,,
07.11.2022,18:30,16571.00,,
07.11.2022,18:45,16541.00,,
07.11.2022,19:00,16594.00,,
07.11.2022,19:15,16425.00,,
07.11.2022,19:30,16197.00,,
07.11.2022,19:45,16044.00,,
07.11.2022,20:00,15946.00,,
07.11.2022,20:15,15650.00,,
07.11.2022,20:30,15362.00,,
07.11.2022,20:45,15200.00,,
07.11.2022,21:00,15116.00,,
07.11.2022,21:15,14856.00,,
07.11.2022,21:30,14588.00,,
07.11.2022,21:45,14336.00,,
07.11.2022,22:00,14220.00,,
07.11.2022,22:15,13925.00,,
07.11.2022,22:30,13710.00,,
07.11.2022,22:45,13452.00,,
07.11.2022,23:00,13237.00,,
07.11.2022,23:15,13138.00,,
07.11.2022,23:30,12968.00,,
07.11.2022,23:45,12771.00,,
08.11.2022,00:00,12632.00,,
08.11.2022,00:15,12590.00,,
08.11.2022,00:30,12358.00,,
08.11.2022,00:45,12100.00,,
08.11.2022,01:00,12012.00,,
08.11.2022,01:15,12011.00,,
08.11.2022,01:30,11957.00,,
08.11.2022,01:45,11911.00,,
08.11.2022,02:00,11782.00,,
08.11.2022,02:15,11817.00,,
08.11.2022,02:30,11852.00,,
08.11.2022,02:45,11863.00,,
08.11.2022,03:00,11963.00,,
08.11.2022,03:15,12021.00,,
08.11.2022,03:30,11982.00,,
08.11.2022,03:45,12014.00,,
08.11.2022,04:00,12144.00,,
08.11.2022,04:15,12210.00,,
08.11.2022,04:30,12371.00,,
08.11.2022,04:45,12575.00,,
08.11.2022,05:00,12808.00,,
08.11.2022,05:15,12962.00,,
08.11.2022,05:30,13289.00,,
08.11.2022,05:45,13552.00,,
08.11.2022,06:00,13909.00,,
08.11.2022,06:15,14355.00,,
08.11.2022,06:30,14855.00,,
08.11.2022,06:45,15363.00,,
08.11.2022,07:00,15837.00,,
08.11.2022,07:15,16025.00,,
08.11.2022,07:30,16157.00,,
08.11.2022,07:45,16239.00,,
08.11.2022,08:00,16490.00,,
08.11.2022,08:15,16832.00,,
08.11.2022,08:30,16662.00,,
08.11.2022,08:45,16613.00,,
08.11.2022,09:00,16484.00,,
08.11.2022,09:15,16505.00,,
08.11.2022,09:30,16528.00,,
08.11.2022,09:45,16475.00,,
08.11.2022,10:00,16516.00,,
08.11.2022,10:15,16443.00,,
08.11.2022,10:30,16612.00,,
08.11.2022,10:45,16730.00,,
08.11.2022,11:00,16771.00,,
08.11.2022,11:15,16800.00,,
08.11.2022,11:30,17070.00,,
08.11.2022,11:45,17231.00,,
08.11.2022,12:00,17188.00,,
08.11.2022,12:15,17068.00,,
08.11.2022,12:30,17076.00,,
08.11.2022,12:45,16963.00,,
08.11.2022,13:00,16965.00,,
08.11.2022,13:15,16911.00,,
08.11.2022,13:30,16758.00,,
08.11.2022,13:45,16611.00,,
08.11.2022,14:00,16583.00,,
08.11.2022,14:15,16510.00,,
08.11.2022,14:30,16454.00,,
08.11.2022,14:45,16197.00,,
08.11.2022,15:00,16334.00,,
08.11.2022,15:15,16225.00,,
08.11.2022,15:30,15708.00,,
08.11.2022,15:45,15889.00,,
08.11.2022,16:00,16030.00,,
08.11.2022,16:15,16080.00,,
08.11.2022,16:30,16088.00,,
08.11.2022,16:45,16296.00,,
08.11.2022,17:00,16788.00,,
08.11.2022,17:15,16891.00,,
08.11.2022,17:30,17041.00,,
08.11.2022,17:45,17053.00,,
08.11.2022,18:00,16886.00,,
08.11.2022,18:15,16729.00,,
08.11.2022,18:30,16653.00,,
08.11.2022,18:45,16627.00,,
08.11.2022,19:00,16541.00,,
08.11.2022,19:15,16436.00,,
08.11.2022,19:30,16355.00,,
08.11.2022,19:45,16123.00,,
08.11.2022,20:00,15882.00,,
08.11.2022,20:15,15558.00,,
08.11.2022,20:30,15309.00,,
08.11.2022,20:45,15110.00,,
08.11.2022,21:00,14873.00,,
08.11.2022,21:15,14705.00,,
08.11.2022,21:30,14565.00,,
08.11.2022,21:45,14386.00,,
08.11.2022,22:00,14205.00,,
08.11.2022,22:15,14107.00,,
08.11.2022,22:30,13899.00,,
08.11.2022,22:45,13649.00,,
08.11.2022,23:00,13314.00,,
08.11.2022,23:15,13150.00,,
08.11.2022,23:30,13011.00,,
08.11.2022,23:45,12821.00,,
09.11.2022,00:00,12596.00,,
09.11.2022,00:15,12468.00,,
09.11.2022,00:30,12390.00,,
09.11.2022,00:45,12310.00,,
09.11.2022,01:00,12265.00,,
09.11.2022,01:15,12127.00,,
09.11.2022,01:30,12011.00,,
09.11.2022,01:45,11868.00,,
09.11.2022,02:00,11782.00,,
09.11.2022,02:15,11767.00,,
09.11.2022,02:30,11810.00,,
09.11.2022,02:45,11851.00,,
09.11.2022,03:00,11828.00,,
09.11.2022,03:15,11925.00,,
09.11.2022,03:30,12013.00,,
09.11.2022,03:45,11986.00,,
09.11.2022,04:00,12055.00,,
09.11.2022,04:15,12180.00,,
09.11.2022,04:30,12430.00,,
09.11.2022,04:45,12495.00,,
09.11.2022,05:00,12647.00,,
09.11.2022,05:15,12900.00,,
09.11.2022,05:30,13340.00,,
09.11.2022,05:45,13683.00,,
09.11.2022,06:00,14440.00,,
09.11.2022,06:15,14920.00,,
09.11.2022,06:30,15189.00,,
09.11.2022,06:45,15527.00,,
09.11.2022,07:00,16010.00,,
09.11.2022,07:15,16058.00,,
09.11.2022,07:30,16174.00,,
09.11.2022,07:45,16263.00,,
09.11.2022,08:00,16540.00,,
09.11.2022,08:15,16828.00,,
09.11.2022,08:30,17815.00,,
09.11.2022,08:45,16890.00,,
09.11.2022,09:00,16866.00,,
09.11.2022,09:15,16865.00,,
09.11.2022,09:30,16428.00,,
09.11.2022,09:45,16584.00,,
09.11.2022,10:00,16884.00,,
09.11.2022,10:15,16885.00,,
09.11.2022,10:30,16946.00,,
09.11.2022,10:45,17263.00,,
09.11.2022,11:00,17066.00,,
09.11.2022,11:15,16955.00,,
09.11.2022,11:30,17026.00,,
09.11.2022,11:45,16956.00,,
09.11.2022,12:00,17087.00,,
09.11.2022,12:15,17075.00,,
09.11.2022,12:30,17153.00,,
09.11.2022,12:45,17080.00,,
09.11.2022,13:00,17098.00,,
09.11.2022,13:15,16993.00,,
09.11.2022,13:30,16907.00,,
09.11.2022,13:45,16677.00,,
09.11.2022,14:00,16675.00,,
09.11.2022,14:15,16533.00,,
09.11.2022,14:30,16264.00,,
09.11.2022,14:45,16208.00,,
09.11.2022,15:00,16099.00,,
09.11.2022,15:15,16084.00,,
09.11.2022,15:30,16006.00,,
09.11.2022,15:45,16026.00,,
09.11.2022,16:00,16052.00,,
09.11.2022,16:15,16086.00,,
09.11.2022,16:30,16340.00,,
09.11.2022,16:45,16560.00,,
09.11.2022,17:00,16766.00,,
09.11.2022,17:15,16811.00,,
09.11.2022,17:30,16965.00,,
09.11.2022,17:45,16798.00,,
09.11.2022,18:00,16661.00,,
09.11.2022,18:15,16547.00,,
09.11.2022,18:30,16586.00,,
09.11.2022,18:45,16462.00,,
09.11.2022,19:00,16461.00,,
09.11.2022,19:15,16179.00,,
09.11.2022,19:30,16039.00,,
09.11.2022,19:45,15942.00,,
09.11.2022,20:00,15796.00,,
09.11.2022,20:15,15492.00,,
09.11.2022,20:30,15297.00,,
09.11.2022,20:45,15157.00,,
09.11.2022,21:00,14999.00,,
09.11.2022,21:15,14965.00,,
09.11.2022,21:30,14573.00,,
09.11.2022,21:45,14281.00,,
09.11.2022,22:00,14101.00,,
09.11.2022,22:15,13752.00,,
09.11.2022,22:30,13451.00,,
09.11.2022,22:45,13344.00,,
09.11.2022,23:00,13288.00,,
09.11.2022,23:15,13048.00,,
09.11.2022,23:30,12842.00,,
09.11.2022,23:45,12791.00,,
10.11.2022,00:00,12685.00,,
10.11.2022,00:15,12498.00,,
10.11.2022,00:30,12349.00,,
10.11.2022,00:45,12272.00,,
10.11.2022,01:00,12094.00,,
10.11.2022,01:15,11995.00,,
10.11.2022,01:30,11928.00,,
10.11.2022,01:45,11841.00,,
10.11.2022,02:00,11775.00,,
10.11.2022,02:15,11812.00,,
10.11.2022,02:30,11856.00,,
10.11.2022,02:45,11867.00,,
10.11.2022,03:00,11883.00,,
10.11.2022,03:15,11964.00,,
10.11.2022,03:30,12016.00,,
10.11.2022,03:45,11936.00,,
10.11.2022,04:00,12148.00,,
10.11.2022,04:15,12182.00,,
10.11.2022,04:30,12319.00,,
10.11.2022,04:45,12334.00,,
10.11.2022,05:00,12693.00,,
10.11.2022,05:15,12903.00,,
10.11.2022,05:30,13062.00,,
10.11.2022,05:45,13382.00,,
10.11.2022,06:00,14181.00,,
10.11.2022,06:15,14543.00,,
10.11.2022,06:30,14817.00,,
10.11.2022,06:45,15093.00,,
10.11.2022,07:00,15638.00,,
10.11.2022,07:15,15890.00,,
10.11.2022,07:30,16059.00,,
10.11.2022,07:45,16067.00,,
10.11.2022,08:00,16282.00,,
10.11.2022,08:15,16357.00,,
10.11.2022,08:30,16486.00,,
10.11.2022,08:45,16408.00,,
10.11.2022,09:00,16341.00,,
10.11.2022,09:15,16399.00,,
10.11.2022,09:30,16434.00,,
10.11.2022,09:45,16582.00,,
10.11.2022,10:00,16561.00,,
10.11.2022,10:15,16733.00,,
10.11.2022,10:30,17091.00,,
10.11.2022,10:45,17240.00,,
10.11.2022,11:00,17028.00,,
10.11.2022,11:15,17116.00,,
10.11.2022,11:30,17264.00,,
10.11.2022,11:45,17267.00,,
10.11.2022,12:00,17204.00,,
10.11.2022,12:15,17218.00,,
10.11.2022,12:30,17177.00,,
10.11.2022,12:45,17325.00,,
10.11.2022,13:00,17274.00,,
10.11.2022,13:15,16993.00,,
10.11.2022,13:30,16907.00,,
10.11.2022,13:45,16750.00,,
10.11.2022,14:00,16721.00,,
10.11.2022,14:15,16560.00,,
10.11.2022,14:30,16370.00,,
10.11.2022,14:45,16221.00,,
10.11.2022,15:00,16273.00,,
10.11.2022,15:15,16055.00,,
10.11.2022,15:30,15997.00,,
10.11.2022,15:45,15820.00,,
10.11.2022,16:00,15916.00,,
10.11.2022,16:15,15979.00,,
10.11.2022,16:30,16051.00,,
10.11.2022,16:45,16230.00,,
10.11.2022,17:00,16452.00,,
10.11.2022,17:15,16638.00,,
10.11.2022,17:30,16751.00,,
10.11.2022,17:45,15956.00,,
10.11.2022,18:00,16583.00,,
10.11.2022,18:15,16569.00,,
10.11.2022,18:30,16498.00,,
10.11.2022,18:45,16476.00,,
10.11.2022,19:00,16352.00,,
10.11.2022,19:15,16220.00,,
10.11.2022,19:30,16134.00,,
10.11.2022,19:45,16073.00,,
10.11.2022,20:00,15812.00,,
10.11.2022,20:15,15604.00,,
10.11.2022,20:30,15314.00,,
10.11.2022,20:45,15158.00,,
10.11.2022,21:00,14974.00,,
10.11.2022,21:15,14674.00,,
10.11.2022,21:30,14284.00,,
10.11.2022,21:45,14241.00,,
10.11.2022,22:00,14016.00,,
10.11.2022,22:15,13877.00,,
10.11.2022,22:30,13508.00,,
10.11.2022,22:45,13368.00,,
10.11.2022,23:00,13119.00,,
10.11.2022,23:15,12990.00,,
10.11.2022,23:30,12929.00,,
10.11.2022,23:45,12814.00,,
11.11.2022,00:00,12674.00,,
11.11.2022,00:15,12463.00,,
11.11.2022,00:30,12391.00,,
11.11.2022,00:45,12195.00,,
11.11.2022,01:00,12154.00,,
11.11.2022,01:15,12070.00,,
11.11.2022,01:30,11988.00,,
11.11.2022,01:45,11939.00,,
11.11.2022,02:00,11912.00,,
11.11.2022,02:15,11790.00,,
11.11.2022,02:30,11862.00,,
11.11.2022,02:45,11899.00,,
11.11.2022,03:00,11834.00,,
11.11.2022,03:15,11923.00,,
11.11.2022,03:30,12003.00,,
11.11.2022,03:45,11979.00,,
11.11.2022,04:00,12041.00,,
11.11.2022,04:15,12161.00,,
11.11.2022,04:30,12304.00,,
11.11.2022,04:45,12520.00,,
11.11.2022,05:00,12839.00,,
11.11.2022,05:15,13004.00,,
11.11.2022,05:30,13282.00,,
11.11.2022,05:45,13519.00,,
11.11.2022,06:00,14320.00,,
11.11.2022,06:15,14453.00,,
11.11.2022,06:30,14889.00,,
11.11.2022,06:45,15160.00,,
11.11.2022,07:00,15549.00,,
11.11.2022,07:15,15752.00,,
11.11.2022,07:30,15951.00,,
11.11.2022,07:45,16003.00,,
11.11.2022,08:00,16194.00,,
11.11.2022,08:15,16335.00,,
11.11.2022,08:30,16441.00,,
11.11.2022,08:45,16470.00,,
11.11.2022,09:00,16391.00,,
11.11.2022,09:15,16720.00,,
11.11.2022,09:30,16593.00,,
11.11.2022,09:45,16728.00,,
11.11.2022,10:00,16815.00,,
11.11.2022,10:15,16868.00,,
11.11.2022,10:30,16829.00,,
11.11.2022,10:45,16865.00,,
11.11.2022,11:00,16810.00,,
11.11.2022,11:15,16717.00,,
11.11.2022,11:30,16829.00,,
11.11.2022,11:45,16812.00,,
11.11.2022,12:00,16700.00,,
11.11.2022,12:15,16654.00,,
11.11.2022,12:30,16721.00,,
11.11.2022,12:45,16621.00,,
11.11.2022,13:00,16536.00,,
11.11.2022,13:15,16261.00,,
11.11.2022,13:30,16162.00,,
11.11.2022,13:45,16077.00,,
11.11.2022,14:00,15796.00,,
11.11.2022,14:15,15800.00,,
11.11.2022,14:30,15740.00,,
11.11.2022,14:45,15662.00,,
11.11.2022,15:00,15581.00,,
11.11.2022,15:15,15609.00,,
11.11.2022,15:30,14606.00,,
11.11.2022,15:45,15259.00,,
11.11.2022,16:00,15372.00,,
11.11.2022,16:15,15339.00,,
11.11.2022,16:30,15456.00,,
11.11.2022,16:45,15600.00,,
11.11.2022,17:00,15961.00,,
11.11.2022,17:15,16180.00,,
11.11.2022,17:30,16188.00,,
11.11.2022,17:45,16109.00,,
11.11.2022,18:00,16075.00,,
11.11.2022,18:15,16000.00,,
11.11.2022,18:30,15928.00,,
11.11.2022,18:45,15868.00,,
11.11.2022,19:00,15743.00,,
11.11.2022,19:15,15523.00,,
11.11.2022,19:30,15389.00,,
11.11.2022,19:45,15239.00,,
11.11.2022,20:00,14939.00,,
11.11.2022,20:15,14640.00,,
11.11.2022,20:30,14279.00,,
11.11.2022,20:45,14033.00,,
11.11.2022,21:00,13932.00,,
11.11.2022,21:15,13773.00,,
11.11.2022,21:30,13588.00,,
11.11.2022,21:45,13446.00,,
11.11.2022,22:00,13204.00,,
11.11.2022,22:15,13052.00,,
11.11.2022,22:30,12804.00,,
11.11.2022,22:45,12545.00,,
11.11.2022,23:00,12345.00,,
11.11.2022,23:15,12225.00,,
11.11.2022,23:30,12098.00,,
11.11.2022,23:45,12033.00,,
12.11.2022,00:00,11812.00,,
12.11.2022,00:15,11659.00,,
12.11.2022,00:30,11619.00,,
12.11.2022,00:45,11554.00,,
12.11.2022,01:00,11534.00,,
12.11.2022,01:15,11419.00,,
12.11.2022,01:30,11362.00,,
12.11.2022,01:45,11368.00,,
12.11.2022,02:00,11154.00,,
12.11.2022,02:15,11110.00,,
12.11.2022,02:30,11030.00,,
12.11.2022,02:45,10940.00,,
12.11.2022,03:00,10984.00,,
12.11.2022,03:15,10916.00,,
12.11.2022,03:30,10837.00,,
12.11.2022,03:45,10818.00,,
12.11.2022,04:00,10893.00,,
12.11.2022,04:15,10908.00,,
12.11.2022,04:30,10869.00,,
12.11.2022,04:45,10820.00,,
12.11.2022,05:00,10843.00,,
12.11.2022,05:15,10851.00,,
12.11.2022,05:30,10879.00,,
12.11.2022,05:45,10993.00,,
12.11.2022,06:00,10981.00,,
12.11.2022,06:15,11051.00,,
12.11.2022,06:30,11207.00,,
12.11.2022,06:45,11253.00,,
12.11.2022,07:00,11472.00,,
12.11.2022,07:15,11601.00,,
12.11.2022,07:30,11726.00,,
12.11.2022,07:45,11838.00,,
12.11.2022,08:00,12157.00,,
12.11.2022,08:15,12396.00,,
12.11.2022,08:30,12566.00,,
12.11.2022,08:45,12603.00,,
12.11.2022,09:00,12867.00,,
12.11.2022,09:15,12953.00,,
12.11.2022,09:30,13052.00,,
12.11.2022,09:45,13204.00,,
12.11.2022,10:00,13468.00,,
12.11.2022,10:15,13509.00,,
12.11.2022,10:30,13733.00,,
12.11.2022,10:45,13847.00,,
12.11.2022,11:00,13687.00,,
12.11.2022,11:15,13836.00,,
12.11.2022,11:30,13811.00,,
12.11.2022,11:45,13753.00,,
12.11.2022,12:00,13723.00,,
12.11.2022,12:15,13606.00,,
12.11.2022,12:30,13474.00,,
12.11.2022,12:45,13356.00,,
12.11.2022,13:00,13267.00,,
12.11.2022,13:15,13171.00,,
12.11.2022,13:30,13060.00,,
12.11.2022,13:45,12962.00,,
12.11.2022,14:00,13070.00,,
12.11.2022,14:15,12973.00,,
12.11.2022,14:30,12924.00,,
12.11.2022,14:45,12754.00,,
12.11.2022,15:00,12854.00,,
12.11.2022,15:15,12746.00,,
12.11.2022,15:30,12693.00,,
12.11.2022,15:45,12666.00,,
12.11.2022,16:00,12965.00,,
12.11.2022,16:15,12987.00,,
12.11.2022,16:30,13213.00,,
12.11.2022,16:45,13459.00,,
12.11.2022,17:00,13713.00,,
12.11.2022,17:15,13886.00,,
12.11.2022,17:30,14004.00,,
12.11.2022,17:45,14043.00,,
12.11.2022,18:00,14084.00,,
12.11.2022,18:15,13980.00,,
12.11.2022,18:30,13878.00,,
12.11.2022,18:45,13779.00,,
12.11.2022,19:00,13582.00,,
12.11.2022,19:15,13417.00,,
12.11.2022,19:30,13322.00,,
12.11.2022,19:45,13242.00,,
12.11.2022,20:00,13049.00,,
12.11.2022,20:15,12842.00,,
12.11.2022,20:30,12620.00,,
12.11.2022,20:45,12469.00,,
12.11.2022,21:00,12392.00,,
12.11.2022,21:15,12283.00,,
12.11.2022,21:30,12157.00,,
12.11.2022,21:45,12035.00,,
12.11.2022,22:00,12031.00,,
12.11.2022,22:15,11919.00,,
12.11.2022,22:30,11743.00,,
12.11.2022,22:45,11597.00,,
12.11.2022,23:00,11237.00,,
12.11.2022,23:15,11055.00,,
12.11.2022,23:30,10974.00,,
12.11.2022,23:45,10783.00,,
13.11.2022,00:00,10682.00,,
13.11.2022,00:15,10562.00,,
13.11.2022,00:30,10469.00,,
13.11.2022,00:45,10303.00,,
13.11.2022,01:00,10198.00,,
13.11.2022,01:15,10122.00,,
13.11.2022,01:30,10036.00,,
13.11.2022,01:45,10034.00,,
13.11.2022,02:00,10021.00,,
13.11.2022,02:15,9875.00,,
13.11.2022,02:30,9853.00,,
13.11.2022,02:45,9843.00,,
13.11.2022,03:00,9917.00,,
13.11.2022,03:15,9995.00,,
13.11.2022,03:30,10001.00,,
13.11.2022,03:45,10008.00,,
13.11.2022,04:00,10108.00,,
13.11.2022,04:15,10048.00,,
13.11.2022,04:30,10108.00,,
13.11.2022,04:45,10123.00,,
13.11.2022,05:00,10123.00,,
13.11.2022,05:15,10152.00,,
13.11.2022,05:30,10166.00,,
13.11.2022,05:45,10203.00,,
13.11.2022,06:00,10052.00,,
13.11.2022,06:15,10052.00,,
13.11.2022,06:30,10134.00,,
13.11.2022,06:45,10204.00,,
13.11.2022,07:00,10393.00,,
13.11.2022,07:15,10421.00,,
13.11.2022,07:30,10518.00,,
13.11.2022,07:45,10723.00,,
13.11.2022,08:00,10889.00,,
13.11.2022,08:15,11215.00,,
13.11.2022,08:30,11411.00,,
13.11.2022,08:45,11554.00,,
13.11.2022,09:00,11717.00,,
13.11.2022,09:15,11772.00,,
13.11.2022,09:30,12029.00,,
13.11.2022,09:45,12180.00,,
13.11.2022,10:00,12306.00,,
13.11.2022,10:15,12453.00,,
13.11.2022,10:30,12639.00,,
13.11.2022,10:45,12855.00,,
13.11.2022,11:00,12953.00,,
13.11.2022,11:15,13114.00,,
13.11.2022,11:30,13176.00,,
13.11.2022,11:45,13281.00,,
13.11.2022,12:00,13338.00,,
13.11.2022,12:15,13330.00,,
13.11.2022,12:30,13215.00,,
13.11.2022,12:45,13006.00,,
13.11.2022,13:00,12852.00,,
13.11.2022,13:15,12712.00,,
13.11.2022,13:30,12550.00,,
13.11.2022,13:45,12487.00,,
13.11.2022,14:00,12510.00,,
13.11.2022,14:15,12390.00,,
13.11.2022,14:30,12280.00,,
13.11.2022,14:45,12157.00,,
13.11.2022,15:00,12325.00,,
13.11.2022,15:15,12168.00,,
13.11.2022,15:30,12141.00,,
13.11.2022,15:45,12231.00,,
13.11.2022,16:00,12297.00,,
13.11.2022,16:15,12326.00,,
13.11.2022,16:30,12485.00,,
13.11.2022,16:45,12648.00,,
13.11.2022,17:00,12937.00,,
13.11.2022,17:15,13220.00,,
13.11.2022,17:30,13414.00,,
13.11.2022,17:45,13517.00,,
13.11.2022,18:00,13746.00,,
13.11.2022,18:15,13639.00,,
13.11.2022,18:30,13724.00,,
13.11.2022,18:45,13615.00,,
13.11.2022,19:00,13546.00,,
13.11.2022,19:15,13407.00,,
13.11.2022,19:30,13283.00,,
13.11.2022,19:45,13114.00,,
13.11.2022,20:00,12967.00,,
13.11.2022,20:15,12792.00,,
13.11.2022,20:30,12567.00,,
13.11.2022,20:45,12507.00,,
13.11.2022,21:00,12452.00,,
13.11.2022,21:15,12434.00,,
13.11.2022,21:30,12414.00,,
13.11.2022,21:45,12434.00,,
13.11.2022,22:00,12440.00,,
13.11.2022,22:15,12379.00,,
13.11.2022,22:30,12317.00,,
13.11.2022,22:45,12282.00,,
13.11.2022,23:00,12191.00,,
13.11.2022,23:15,11962.00,,
13.11.2022,23:30,11930.00,,
13.11.2022,23:45,11850.00,,
14.11.2022,00:00,11652.00,,
14.11.2022,00:15,11548.00,,
14.11.2022,00:30,11489.00,,
14.11.2022,00:45,11411.00,,
14.11.2022,01:00,11279.00,,
14.11.2022,01:15,11252.00,,
14.11.2022,01:30,11117.00,,
14.11.2022,01:45,10951.00,,
14.11.2022,02:00,10891.00,,
14.11.2022,02:15,10858.00,,
14.11.2022,02:30,10946.00,,
14.11.2022,02:45,10904.00,,
14.11.2022,03:00,10924.00,,
14.11.2022,03:15,10987.00,,
14.11.2022,03:30,11131.00,,
14.11.2022,03:45,11096.00,,
14.11.2022,04:00,11256.00,,
14.11.2022,04:15,11362.00,,
14.11.2022,04:30,11543.00,,
14.11.2022,04:45,11708.00,,
14.11.2022,05:00,12175.00,,
14.11.2022,05:15,12261.00,,
14.11.2022,05:30,12472.00,,
14.11.2022,05:45,12824.00,,
14.11.2022,06:00,13700.00,,
14.11.2022,06:15,13906.00,,
14.11.2022,06:30,14348.00,,
14.11.2022,06:45,14698.00,,
14.11.2022,07:00,15164.00,,
14.11.2022,07:15,15388.00,,
14.11.2022,07:30,15548.00,,
14.11.2022,07:45,15697.00,,
14.11.2022,08:00,15854.00,,
14.11.2022,08:15,16125.00,,
14.11.2022,08:30,16409.00,,
14.11.2022,08:45,16504.00,,
14.11.2022,09:00,16326.00,,
14.11.2022,09:15,16442.00,,
14.11.2022,09:30,16397.00,,
14.11.2022,09:45,16593.00,,
14.11.2022,10:00,16798.00,,
14.11.2022,10:15,16514.00,,
14.11.2022,10:30,16582.00,,
14.11.2022,10:45,16701.00,,
14.11.2022,11:00,16722.00,,
14.11.2022,11:15,16949.00,,
14.11.2022,11:30,17108.00,,
14.11.2022,11:45,17127.00,,
14.11.2022,12:00,17083.00,,
14.11.2022,12:15,16958.00,,
14.11.2022,12:30,16990.00,,
14.11.2022,12:45,16848.00,,
14.11.2022,13:00,16740.00,,
14.11.2022,13:15,16578.00,,
14.11.2022,13:30,16491.00,,
14.11.2022,13:45,16464.00,,
14.11.2022,14:00,16462.00,,
14.11.2022,14:15,16445.00,,
14.11.2022,14:30,16447.00,,
14.11.2022,14:45,16192.00,,
14.11.2022,15:00,16242.00,,
14.11.2022,15:15,16041.00,,
14.11.2022,15:30,15717.00,,
14.11.2022,15:45,15572.00,,
14.11.2022,16:00,15766.00,,
14.11.2022,16:15,15765.00,,
14.11.2022,16:30,15888.00,,
14.11.2022,16:45,16100.00,,
14.11.2022,17:00,16423.00,,
14.11.2022,17:15,16069.00,,
14.11.2022,17:30,16565.00,,
14.11.2022,17:45,16385.00,,
14.11.2022,18:00,16590.00,,
14.11.2022,18:15,16465.00,,
14.11.2022,18:30,16366.00,,
14.11.2022,18:45,16279.00,,
14.11.2022,19:00,16256.00,,
14.11.2022,19:15,16168.00,,
14.11.2022,19:30,15988.00,,
14.11.2022,19:45,15893.00,,
14.11.2022,20:00,15543.00,,
14.11.2022,20:15,15240.00,,
14.11.2022,20:30,15093.00,,
14.11.2022,20:45,14902.00,,
14.11.2022,21:00,14612.00,,
14.11.2022,21:15,14479.00,,
14.11.2022,21:30,14328.00,,
14.11.2022,21:45,14067.00,,
14.11.2022,22:00,13848.00,,
14.11.2022,22:15,13543.00,,
14.11.2022,22:30,13366.00,,
14.11.2022,22:45,13300.00,,
14.11.2022,23:00,12953.00,,
14.11.2022,23:15,12805.00,,
14.11.2022,23:30,12740.00,,
14.11.2022,23:45,12667.00,,
15.11.2022,00:00,12390.00,,
15.11.2022,00:15,12351.00,,
15.11.2022,00:30,12120.00,,
15.11.2022,00:45,11994.00,,
15.11.2022,01:00,12064.00,,
15.11.2022,01:15,11981.00,,
15.11.2022,01:30,11934.00,,
15.11.2022,01:45,11944.00,,
15.11.2022,02:00,11813.00,,
15.11.2022,02:15,11817.00,,
15.11.2022,02:30,11766.00,,
15.11.2022,02:45,11727.00,,
15.11.2022,03:00,11744.00,,
15.11.2022,03:15,11729.00,,
15.11.2022,03:30,11793.00,,
15.11.2022,03:45,11790.00,,
15.11.2022,04:00,11925.00,,
15.11.2022,04:15,12050.00,,
15.11.2022,04:30,12201.00,,
15.11.2022,04:45,12364.00,,
15.11.2022,05:00,12689.00,,
15.11.2022,05:15,12902.00,,
15.11.2022,05:30,13165.00,,
15.11.2022,05:45,13467.00,,
15.11.2022,06:00,14041.00,,
15.11.2022,06:15,14354.00,,
15.11.2022,06:30,14681.00,,
15.11.2022,06:45,14947.00,,
15.11.2022,07:00,15157.00,,
15.11.2022,07:15,15364.00,,
15.11.2022,07:30,15517.00,,
15.11.2022,07:45,15678.00,,
15.11.2022,08:00,15857.00,,
15.11.2022,08:15,16135.00,,
15.11.2022,08:30,16183.00,,
15.11.2022,08:45,16210.00,,
15.11.2022,09:00,16166.00,,
15.11.2022,09:15,16180.00,,
15.11.2022,09:30,16231.00,,
15.11.2022,09:45,16369.00,,
15.11.2022,10:00,16335.00,,
15.11.2022,10:15,16371.00,,
15.11.2022,10:30,16415.00,,
15.11.2022,10:45,16493.00,,
15.11.2022,11:00,16501.00,,
15.11.2022,11:15,16504.00,,
15.11.2022,11:30,16510.00,,
15.11.2022,11:45,16446.00,,
15.11.2022,12:00,16338.00,,
15.11.2022,12:15,16317.00,,
15.11.2022,12:30,16310.00,,
15.11.2022,12:45,16435.00,,
15.11.2022,13:00,16386.00,,
15.11.2022,13:15,16367.00,,
15.11.2022,13:30,16282.00,,
15.11.2022,13:45,16198.00,,
15.11.2022,14:00,16219.00,,
15.11.2022,14:15,16242.00,,
15.11.2022,14:30,16211.00,,
15.11.2022,14:45,16182.00,,
15.11.2022,15:00,16355.00,,
15.11.2022,15:15,16279.00,,
15.11.2022,15:30,16158.00,,
15.11.2022,15:45,16039.00,,
15.11.2022,16:00,16133.00,,
15.11.2022,16:15,16097.00,,
15.11.2022,16:30,16170.00,,
15.11.2022,16:45,16337.00,,
15.11.2022,17:00,16594.00,,
15.11.2022,17:15,16642.00,,
15.11.2022,17:30,16732.00,,
15.11.2022,17:45,16790.00,,
15.11.2022,18:00,16682.00,,
15.11.2022,18:15,16579.00,,
15.11.2022,18:30,16529.00,,
15.11.2022,18:45,16608.00,,
15.11.2022,19:00,16690.00,,
15.11.2022,19:15,16473.00,,
15.11.2022,19:30,16346.00,,
15.11.2022,19:45,16119.00,,
15.11.2022,20:00,15725.00,,
15.11.2022,20:15,15437.00,,
15.11.2022,20:30,15199.00,,
15.11.2022,20:45,15008.00,,
15.11.2022,21:00,14649.00,,
15.11.2022,21:15,14432.00,,
15.11.2022,21:30,14242.00,,
15.11.2022,21:45,14046.00,,
15.11.2022,22:00,13953.00,,
15.11.2022,22:15,13877.00,,
15.11.2022,22:30,13654.00,,
15.11.2022,22:45,13343.00,,
15.11.2022,23:00,13352.00,,
15.11.2022,23:15,13219.00,,
15.11.2022,23:30,13035.00,,
15.11.2022,23:45,12749.00,,
16.11.2022,00:00,12431.00,,
16.11.2022,00:15,12299.00,,
16.11.2022,00:30,12191.00,,
16.11.2022,00:45,12109.00,,
16.11.2022,01:00,11988.00,,
16.11.2022,01:15,11853.00,,
16.11.2022,01:30,11931.00,,
16.11.2022,01:45,11944.00,,
16.11.2022,02:00,11954.00,,
16.11.2022,02:15,11951.00,,
16.11.2022,02:30,11961.00,,
16.11.2022,02:45,11987.00,,
16.11.2022,03:00,12085.00,,
16.11.2022,03:15,12126.00,,
16.11.2022,03:30,12153.00,,
16.11.2022,03:45,12218.00,,
16.11.2022,04:00,12329.00,,
16.11.2022,04:15,12391.00,,
16.11.2022,04:30,12513.00,,
16.11.2022,04:45,12664.00,,
16.11.2022,05:00,12908.00,,
16.11.2022,05:15,13004.00,,
16.11.2022,05:30,13261.00,,
16.11.2022,05:45,13606.00,,
16.11.2022,06:00,14263.00,,
16.11.2022,06:15,14551.00,,
16.11.2022,06:30,14682.00,,
16.11.2022,06:45,14973.00,,
16.11.2022,07:00,15542.00,,
16.11.2022,07:15,15781.00,,
16.11.2022,07:30,15893.00,,
16.11.2022,07:45,16011.00,,
16.11.2022,08:00,16354.00,,
16.11.2022,08:15,16521.00,,
16.11.2022,08:30,16549.00,,
16.11.2022,08:45,16529.00,,
16.11.2022,09:00,16405.00,,
16.11.2022,09:15,16490.00,,
16.11.2022,09:30,16518.00,,
16.11.2022,09:45,16627.00,,
16.11.2022,10:00,16616.00,,
16.11.2022,10:15,17766.00,,
16.11.2022,10:30,17828.00,,
16.11.2022,10:45,16890.00,,
16.11.2022,11:00,16951.00,,
16.11.2022,11:15,17119.00,,
16.11.2022,11:30,17073.00,,
16.11.2022,11:45,16860.00,,
16.11.2022,12:00,16738.00,,
16.11.2022,12:15,16758.00,,
16.11.2022,12:30,16720.00,,
16.11.2022,12:45,16908.00,,
16.11.2022,13:00,16958.00,,
16.11.2022,13:15,16793.00,,
16.11.2022,13:30,16649.00,,
16.11.2022,13:45,16413.00,,
16.11.2022,14:00,16360.00,,
16.11.2022,14:15,16357.00,,
16.11.2022,14:30,16268.00,,
16.11.2022,14:45,16280.00,,
16.11.2022,15:00,16400.00,,
16.11.2022,15:15,16332.00,,
16.11.2022,15:30,16262.00,,
16.11.2022,15:45,16205.00,,
16.11.2022,16:00,16258.00,,
16.11.2022,16:15,16376.00,,
16.11.2022,16:30,16462.00,,
16.11.2022,16:45,16425.00,,
16.11.2022,17:00,16671.00,,
16.11.2022,17:15,16791.00,,
16.11.2022,17:30,16824.00,,
16.11.2022,17:45,16863.00,,
16.11.2022,18:00,16735.00,,
16.11.2022,18:15,16612.00,,
16.11.2022,18:30,16548.00,,
16.11.2022,18:45,16536.00,,
16.11.2022,19:00,16383.00,,
16.11.2022,19:15,16222.00,,
16.11.2022,19:30,16240.00,,
16.11.2022,19:45,16048.00,,
16.11.2022,20:00,15798.00,,
16.11.2022,20:15,15544.00,,
16.11.2022,20:30,15166.00,,
16.11.2022,20:45,15029.00,,
16.11.2022,21:00,14851.00,,
16.11.2022,21:15,14589.00,,
16.11.2022,21:30,14383.00,,
16.11.2022,21:45,14103.00,,
16.11.2022,22:00,14140.00,,
16.11.2022,22:15,14112.00,,
16.11.2022,22:30,14028.00,,
16.11.2022,22:45,13932.00,,
16.11.2022,23:00,13554.00,,
16.11.2022,23:15,13486.00,,
16.11.2022,23:30,13330.00,,
16.11.2022,23:45,13145.00,,
17.11.2022,00:00,12869.00,,
17.11.2022,00:15,12658.00,,
17.11.2022,00:30,12569.00,,
17.11.2022,00:45,12435.00,,
17.11.2022,01:00,12284.00,,
17.11.2022,01:15,12255.00,,
17.11.2022,01:30,12158.00,,
17.11.2022,01:45,12156.00,,
17.11.2022,02:00,12030.00,,
17.11.2022,02:15,12121.00,,
17.11.2022,02:30,12161.00,,
17.11.2022,02:45,12127.00,,
17.11.2022,03:00,12127.00,,
17.11.2022,03:15,12098.00,,
17.11.2022,03:30,12174.00,,
17.11.2022,03:45,12170.00,,
17.11.2022,04:00,12203.00,,
17.11.2022,04:15,12242.00,,
17.11.2022,04:30,12465.00,,
17.11.2022,04:45,12638.00,,
17.11.2022,05:00,12997.00,,
17.11.2022,05:15,13211.00,,
17.11.2022,05:30,13671.00,,
17.11.2022,05:45,14058.00,,
17.11.2022,06:00,14870.00,,
17.11.2022,06:15,15353.00,,
17.11.2022,06:30,15825.00,,
17.11.2022,06:45,16186.00,,
17.11.2022,07:00,16563.00,,
17.11.2022,07:15,16827.00,,
17.11.2022,07:30,16878.00,,
17.11.2022,07:45,16989.00,,
17.11.2022,08:00,17142.00,,
17.11.2022,08:15,17312.00,,
17.11.2022,08:30,17509.00,,
17.11.2022,08:45,17483.00,,
17.11.2022,09:00,17510.00,,
17.11.2022,09:15,17532.00,,
17.11.2022,09:30,17618.00,,
17.11.2022,09:45,17763.00,,
17.11.2022,10:00,17920.00,,
17.11.2022,10:15,18093.00,,
17.11.2022,10:30,18075.00,,
17.11.2022,10:45,18055.00,,
17.11.2022,11:00,18069.00,,
17.11.2022,11:15,18361.00,,
17.11.2022,11:30,18209.00,,
17.11.2022,11:45,18185.00,,
17.11.2022,12:00,18105.00,,
17.11.2022,12:15,17997.00,,
17.11.2022,12:30,17960.00,,
17.11.2022,12:45,17970.00,,
17.11.2022,13:00,18036.00,,
17.11.2022,13:15,17580.00,,
17.11.2022,13:30,17072.00,,
17.11.2022,13:45,17375.00,,
17.11.2022,14:00,17135.00,,
17.11.2022,14:15,17053.00,,
17.11.2022,14:30,17082.00,,
17.11.2022,14:45,17108.00,,
17.11.2022,15:00,17032.00,,
17.11.2022,15:15,16824.00,,
17.11.2022,15:30,16820.00,,
17.11.2022,15:45,16812.00,,
17.11.2022,16:00,16816.00,,
17.11.2022,16:15,16979.00,,
17.11.2022,16:30,17048.00,,
17.11.2022,16:45,17290.00,,
17.11.2022,17:00,17465.00,,
17.11.2022,17:15,17454.00,,
17.11.2022,17:30,17527.00,,
17.11.2022,17:45,17378.00,,
17.11.2022,18:00,17328.00,,
17.11.2022,18:15,17160.00,,
17.11.2022,18:30,17075.00,,
17.11.2022,18:45,17023.00,,
17.11.2022,19:00,16844.00,,
17.11.2022,19:15,16591.00,,
17.11.2022,19:30,16539.00,,
17.11.2022,19:45,16398.00,,
17.11.2022,20:00,16020.00,,
17.11.2022,20:15,15754.00,,
17.11.2022,20:30,15504.00,,
17.11.2022,20:45,15307.00,,
17.11.2022,21:00,15050.00,,
17.11.2022,21:15,14905.00,,
17.11.2022,21:30,14565.00,,
17.11.2022,21:45,14402.00,,
17.11.2022,22:00,14299.00,,
17.11.2022,22:15,14090.00,,
17.11.2022,22:30,13778.00,,
17.11.2022,22:45,13602.00,,
17.11.2022,23:00,13524.00,,
17.11.2022,23:15,13255.00,,
17.11.2022,23:30,13166.00,,
17.11.2022,23:45,12889.00,,
18.11.2022,00:00,12538.00,,
18.11.2022,00:15,12552.00,,
18.11.2022,00:30,12447.00,,
18.11.2022,00:45,12491.00,,
18.11.2022,01:00,12353.00,,
18.11.2022,01:15,12271.00,,
18.11.2022,01:30,12288.00,,
18.11.2022,01:45,12215.00,,
18.11.2022,02:00,12137.00,,
18.11.2022,02:15,12126.00,,
18.11.2022,02:30,12165.00,,
18.11.2022,02:45,12145.00,,
18.11.2022,03:00,12205.00,,
18.11.2022,03:15,12258.00,,
18.11.2022,03:30,12258.00,,
18.11.2022,03:45,12216.00,,
18.11.2022,04:00,12416.00,,
18.11.2022,04:15,12661.00,,
18.11.2022,04:30,12831.00,,
18.11.2022,04:45,12897.00,,
18.11.2022,05:00,12999.00,,
18.11.2022,05:15,13267.00,,
18.11.2022,05:30,13519.00,,
18.11.2022,05:45,13937.00,,
18.11.2022,06:00,14489.00,,
18.11.2022,06:15,14793.00,,
18.11.2022,06:30,15126.00,,
18.11.2022,06:45,15598.00,,
18.11.2022,07:00,15988.00,,
18.11.2022,07:15,16401.00,,
18.11.2022,07:30,16521.00,,
18.11.2022,07:45,16745.00,,
18.11.2022,08:00,17129.00,,
18.11.2022,08:15,17339.00,,
18.11.2022,08:30,17456.00,,
18.11.2022,08:45,17486.00,,
18.11.2022,09:00,17296.00,,
18.11.2022,09:15,17415.00,,
18.11.2022,09:30,17614.00,,
18.11.2022,09:45,17712.00,,
18.11.2022,10:00,17937.00,,
18.11.2022,10:15,17896.00,,
18.11.2022,10:30,17663.00,,
18.11.2022,10:45,17705.00,,
18.11.2022,11:00,17752.00,,
18.11.2022,11:15,17812.00,,
18.11.2022,11:30,16345.00,,
18.11.2022,11:45,17587.00,,
18.11.2022,12:00,17580.00,,
18.11.2022,12:15,17668.00,,
18.11.2022,12:30,17605.00,,
18.11.2022,12:45,17549.00,,
18.11.2022,13:00,17567.00,,
18.11.2022,13:15,17456.00,,
18.11.2022,13:30,17222.00,,
18.11.2022,13:45,16954.00,,
18.11.2022,14:00,16920.00,,
18.11.2022,14:15,16915.00,,
18.11.2022,14:30,16808.00,,
18.11.2022,14:45,16695.00,,
18.11.2022,15:00,16746.00,,
18.11.2022,15:15,16739.00,,
18.11.2022,15:30,16664.00,,
18.11.2022,15:45,16733.00,,
18.11.2022,16:00,16790.00,,
18.11.2022,16:15,16830.00,,
18.11.2022,16:30,16858.00,,
18.11.2022,16:45,17025.00,,
18.11.2022,17:00,17256.00,,
18.11.2022,17:15,17346.00,,
18.11.2022,17:30,17409.00,,
18.11.2022,17:45,17275.00,,
18.11.2022,18:00,17115.00,,
18.11.2022,18:15,16854.00,,
18.11.2022,18:30,16832.00,,
18.11.2022,18:45,16737.00,,
18.11.2022,19:00,16717.00,,
18.11.2022,19:15,16558.00,,
18.11.2022,19:30,16405.00,,
18.11.2022,19:45,15843.00,,
18.11.2022,20:00,15597.00,,
18.11.2022,20:15,15482.00,,
18.11.2022,20:30,15043.00,,
18.11.2022,20:45,14921.00,,
18.11.2022,21:00,14731.00,,
18.11.2022,21:15,14605.00,,
18.11.2022,21:30,14472.00,,
18.11.2022,21:45,14412.00,,
18.11.2022,22:00,14373.00,,
18.11.2022,22:15,14366.00,,
18.11.2022,22:30,14138.00,,
18.11.2022,22:45,13969.00,,
18.11.2022,23:00,13728.00,,
18.11.2022,23:15,13507.00,,
18.11.2022,23:30,13232.00,,
18.11.2022,23:45,13100.00,,
19.11.2022,00:00,12738.00,,
19.11.2022,00:15,12493.00,,
19.11.2022,00:30,12246.00,,
19.11.2022,00:45,12079.00,,
19.11.2022,01:00,12084.00,,
19.11.2022,01:15,12077.00,,
19.11.2022,01:30,12036.00,,
19.11.2022,01:45,11978.00,,
19.11.2022,02:00,11965.00,,
19.11.2022,02:15,11912.00,,
19.11.2022,02:30,11838.00,,
19.11.2022,02:45,11875.00,,
19.11.2022,03:00,11985.00,,
19.11.2022,03:15,11846.00,,
19.11.2022,03:30,11731.00,,
19.11.2022,03:45,11737.00,,
19.11.2022,04:00,11780.00,,
19.11.2022,04:15,11782.00,,
19.11.2022,04:30,11718.00,,
19.11.2022,04:45,11745.00,,
19.11.2022,05:00,11797.00,,
19.11.2022,05:15,11835.00,,
19.11.2022,05:30,11914.00,,
19.11.2022,05:45,11891.00,,
19.11.2022,06:00,11997.00,,
19.11.2022,06:15,11964.00,,
19.11.2022,06:30,12101.00,,
19.11.2022,06:45,12202.00,,
19.11.2022,07:00,12362.00,,
19.11.2022,07:15,12532.00,,
19.11.2022,07:30,12685.00,,
19.11.2022,07:45,13016.00,,
19.11.2022,08:00,13416.00,,
19.11.2022,08:15,13682.00,,
19.11.2022,08:30,13913.00,,
19.11.2022,08:45,14052.00,,
19.11.2022,09:00,14357.00,,
19.11.2022,09:15,14496.00,,
19.11.2022,09:30,14678.00,,
19.11.2022,09:45,14762.00,,
19.11.2022,10:00,14923.00,,
19.11.2022,10:15,14997.00,,
19.11.2022,10:30,15011.00,,
19.11.2022,10:45,15093.00,,
19.11.2022,11:00,15114.00,,
19.11.2022,11:15,15135.00,,
19.11.2022,11:30,15121.00,,
19.11.2022,11:45,15075.00,,
19.11.2022,12:00,14956.00,,
19.11.2022,12:15,14886.00,,
19.11.2022,12:30,14850.00,,
19.11.2022,12:45,14818.00,,
19.11.2022,13:00,14774.00,,
19.11.2022,13:15,14723.00,,
19.11.2022,13:30,14595.00,,
19.11.2022,13:45,14505.00,,
19.11.2022,14:00,14546.00,,
19.11.2022,14:15,14405.00,,
19.11.2022,14:30,14378.00,,
19.11.2022,14:45,14361.00,,
19.11.2022,15:00,14324.00,,
19.11.2022,15:15,14338.00,,
19.11.2022,15:30,14241.00,,
19.11.2022,15:45,14191.00,,
19.11.2022,16:00,14201.00,,
19.11.2022,16:15,14274.00,,
19.11.2022,16:30,14480.00,,
19.11.2022,16:45,14686.00,,
19.11.2022,17:00,14925.00,,
19.11.2022,17:15,15063.00,,
19.11.2022,17:30,15116.00,,
19.11.2022,17:45,15111.00,,
19.11.2022,18:00,15055.00,,
19.11.2022,18:15,14988.00,,
19.11.2022,18:30,14912.00,,
19.11.2022,18:45,14844.00,,
19.11.2022,19:00,14667.00,,
19.11.2022,19:15,14681.00,,
19.11.2022,19:30,14483.00,,
19.11.2022,19:45,14348.00,,
19.11.2022,20:00,14080.00,,
19.11.2022,20:15,13717.00,,
19.11.2022,20:30,13644.00,,
19.11.2022,20:45,13521.00,,
19.11.2022,21:00,13384.00,,
19.11.2022,21:15,13263.00,,
19.11.2022,21:30,13144.00,,
19.11.2022,21:45,13060.00,,
19.11.2022,22:00,13042.00,,
19.11.2022,22:15,12961.00,,
19.11.2022,22:30,12817.00,,
19.11.2022,22:45,12674.00,,
19.11.2022,23:00,12563.00,,
19.11.2022,23:15,12436.00,,
19.11.2022,23:30,12315.00,,
19.11.2022,23:45,12193.00,,
20.11.2022,00:00,11946.00,,
20.11.2022,00:15,11800.00,,
20.11.2022,00:30,11827.00,,
20.11.2022,00:45,11845.00,,
20.11.2022,01:00,11634.00,,
20.11.2022,01:15,11672.00,,
20.11.2022,01:30,11653.00,,
20.11.2022,01:45,11515.00,,
20.11.2022,02:00,11440.00,,
20.11.2022,02:15,11368.00,,
20.11.2022,02:30,11330.00,,
20.11.2022,02:45,11366.00,,
20.11.2022,03:00,11460.00,,
20.11.2022,03:15,11400.00,,
20.11.2022,03:30,11421.00,,
20.11.2022,03:45,11323.00,,
20.11.2022,04:00,11353.00,,
20.11.2022,04:15,11248.00,,
20.11.2022,04:30,11272.00,,
20.11.2022,04:45,11337.00,,
20.11.2022,05:00,11376.00,,
20.11.2022,05:15,11267.00,,
20.11.2022,05:30,11299.00,,
20.11.2022,05:45,11298.00,,
20.11.2022,06:00,11292.00,,
20.11.2022,06:15,11410.00,,
20.11.2022,06:30,11660.00,,
20.11.2022,06:45,11647.00,,
20.11.2022,07:00,11709.00,,
20.11.2022,07:15,11735.00,,
20.11.2022,07:30,11772.00,,
20.11.2022,07:45,11895.00,,
20.11.2022,08:00,12061.00,,
20.11.2022,08:15,12193.00,,
20.11.2022,08:30,12294.00,,
20.11.2022,08:45,12494.00,,
20.11.2022,09:00,12665.00,,
20.11.2022,09:15,12715.00,,
20.11.2022,09:30,12907.00,,
20.11.2022,09:45,13109.00,,
20.11.2022,10:00,13238.00,,
20.11.2022,10:15,13409.00,,
20.11.2022,10:30,13602.00,,
20.11.2022,10:45,12069.00,,
20.11.2022,11:00,13830.00,,
20.11.2022,11:15,14044.00,,
20.11.2022,11:30,14171.00,,
20.11.2022,11:45,14238.00,,
20.11.2022,12:00,14154.00,,
20.11.2022,12:15,14197.00,,
20.11.2022,12:30,14013.00,,
20.11.2022,12:45,13967.00,,
20.11.2022,13:00,13962.00,,
20.11.2022,13:15,13719.00,,
20.11.2022,13:30,13666.00,,
20.11.2022,13:45,13639.00,,
20.11.2022,14:00,13585.00,,
20.11.2022,14:15,13406.00,,
20.11.2022,14:30,13339.00,,
20.11.2022,14:45,13305.00,,
20.11.2022,15:00,13342.00,,
20.11.2022,15:15,13395.00,,
20.11.2022,15:30,13424.00,,
20.11.2022,15:45,13430.00,,
20.11.2022,16:00,13462.00,,
20.11.2022,16:15,13646.00,,
20.11.2022,16:30,13897.00,,
20.11.2022,16:45,14163.00,,
20.11.2022,17:00,14401.00,,
20.11.2022,17:15,14461.00,,
20.11.2022,17:30,14543.00,,
20.11.2022,17:45,14648.00,,
20.11.2022,18:00,14763.00,,
20.11.2022,18:15,14700.00,,
20.11.2022,18:30,14551.00,,
20.11.2022,18:45,14495.00,,
20.11.2022,19:00,14457.00,,
20.11.2022,19:15,14348.00,,
20.11.2022,19:30,14211.00,,
20.11.2022,19:45,14085.00,,
20.11.2022,20:00,14002.00,,
20.11.2022,20:15,13678.00,,
20.11.2022,20:30,13426.00,,
20.11.2022,20:45,13362.00,,
20.11.2022,21:00,13426.00,,
20.11.2022,21:15,13362.00,,
20.11.2022,21:30,13193.00,,
20.11.2022,21:45,13069.00,,
20.11.2022,22:00,13164.00,,
20.11.2022,22:15,13293.00,,
20.11.2022,22:30,13042.00,,
20.11.2022,22:45,13046.00,,
20.11.2022,23:00,12768.00,,
20.11.2022,23:15,12823.00,,
20.11.2022,23:30,12643.00,,
20.11.2022,23:45,12468.00,,
21.11.2022,00:00,12045.00,,
21.11.2022,00:15,11949.00,,
21.11.2022,00:30,11891.00,,
21.11.2022,00:45,11770.00,,
21.11.2022,01:00,11720.00,,
21.11.2022,01:15,11776.00,,
21.11.2022,01:30,11726.00,,
21.11.2022,01:45,11686.00,,
21.11.2022,02:00,11643.00,,
21.11.2022,02:15,11462.00,,
21.11.2022,02:30,11651.00,,
21.11.2022,02:45,11634.00,,
21.11.2022,03:00,11727.00,,
21.11.2022,03:15,11706.00,,
21.11.2022,03:30,11824.00,,
21.11.2022,03:45,11937.00,,
21.11.2022,04:00,12034.00,,
21.11.2022,04:15,12119.00,,
21.11.2022,04:30,12209.00,,
21.11.2022,04:45,12127.00,,
21.11.2022,05:00,12623.00,,
21.11.2022,05:15,12773.00,,
21.11.2022,05:30,13114.00,,
21.11.2022,05:45,13531.00,,
21.11.2022,06:00,14375.00,,
21.11.2022,06:15,14873.00,,
21.11.2022,06:30,15209.00,,
21.11.2022,06:45,15565.00,,
21.11.2022,07:00,15794.00,,
21.11.2022,07:15,16069.00,,
21.11.2022,07:30,16286.00,,
21.11.2022,07:45,16585.00,,
21.11.2022,08:00,16848.00,,
21.11.2022,08:15,16905.00,,
21.11.2022,08:30,17031.00,,
21.11.2022,08:45,17123.00,,
21.11.2022,09:00,17253.00,,
21.11.2022,09:15,17350.00,,
21.11.2022,09:30,17477.00,,
21.11.2022,09:45,17601.00,,
21.11.2022,10:00,17652.00,,
21.11.2022,10:15,16560.00,,
21.11.2022,10:30,17652.00,,
21.11.2022,10:45,17516.00,,
21.11.2022,11:00,16465.00,,
21.11.2022,11:15,17658.00,,
21.11.2022,11:30,17728.00,,
21.11.2022,11:45,16333.00,,
21.11.2022,12:00,17507.00,,
21.11.2022,12:15,17499.00,,
21.11.2022,12:30,17475.00,,
21.11.2022,12:45,17521.00,,
21.11.2022,13:00,17491.00,,
21.11.2022,13:15,16321.00,,
21.11.2022,13:30,16913.00,,
21.11.2022,13:45,16813.00,,
21.11.2022,14:00,17034.00,,
21.11.2022,14:15,15768.00,,
21.11.2022,14:30,16684.00,,
21.11.2022,14:45,16550.00,,
21.11.2022,15:00,16699.00,,
21.11.2022,15:15,16604.00,,
21.11.2022,15:30,16530.00,,
21.11.2022,15:45,16537.00,,
21.11.2022,16:00,16590.00,,
21.11.2022,16:15,15642.00,,
21.11.2022,16:30,16828.00,,
21.11.2022,16:45,15800.00,,
21.11.2022,17:00,17262.00,,
21.11.2022,17:15,17486.00,,
21.11.2022,17:30,17529.00,,
21.11.2022,17:45,17447.00,,
21.11.2022,18:00,17470.00,,
21.11.2022,18:15,17306.00,,
21.11.2022,18:30,17233.00,,
21.11.2022,18:45,17117.00,,
21.11.2022,19:00,17149.00,,
21.11.2022,19:15,16727.00,,
21.11.2022,19:30,16877.00,,
21.11.2022,19:45,16816.00,,
21.11.2022,20:00,16503.00,,
21.11.2022,20:15,16354.00,,
21.11.2022,20:30,16161.00,,
21.11.2022,20:45,16106.00,,
21.11.2022,21:00,15887.00,,
21.11.2022,21:15,15666.00,,
21.11.2022,21:30,15422.00,,
21.11.2022,21:45,15036.00,,
21.11.2022,22:00,14844.00,,
21.11.2022,22:15,14568.00,,
21.11.2022,22:30,14285.00,,
21.11.2022,22:45,14064.00,,
21.11.2022,23:00,13860.00,,
21.11.2022,23:15,13757.00,,
21.11.2022,23:30,13582.00,,
21.11.2022,23:45,13392.00,,
22.11.2022,00:00,13212.00,,
22.11.2022,00:15,13075.00,,
22.11.2022,00:30,12791.00,,
22.11.2022,00:45,12693.00,,
22.11.2022,01:00,12624.00,,
22.11.2022,01:15,12527.00,,
22.11.2022,01:30,12417.00,,
22.11.2022,01:45,12365.00,,
22.11.2022,02:00,12350.00,,
22.11.2022,02:15,12293.00,,
22.11.2022,02:30,12290.00,,
22.11.2022,02:45,12272.00,,
22.11.2022,03:00,12281.00,,
22.11.2022,03:15,12312.00,,
22.11.2022,03:30,12339.00,,
22.11.2022,03:45,12287.00,,
22.11.2022,04:00,12467.00,,
22.11.2022,04:15,12584.00,,
22.11.2022,04:30,12772.00,,
22.11.2022,04:45,12924.00,,
22.11.2022,05:00,13300.00,,
22.11.2022,05:15,13650.00,,
22.11.2022,05:30,14032.00,,
22.11.2022,05:45,14238.00,,
22.11.2022,06:00,14950.00,,
22.11.2022,06:15,15547.00,,
22.11.2022,06:30,15832.00,,
22.11.2022,06:45,16016.00,,
22.11.2022,07:00,16498.00,,
22.11.2022,07:15,16821.00,,
22.11.2022,07:30,16908.00,,
22.11.2022,07:45,17123.00,,
22.11.2022,08:00,17316.00,,
22.11.2022,08:15,17423.00,,
22.11.2022,08:30,17620.00,,
22.11.2022,08:45,17572.00,,
22.11.2022,09:00,17463.00,,
22.11.2022,09:15,17464.00,,
22.11.2022,09:30,17450.00,,
22.11.2022,09:45,17370.00,,
22.11.2022,10:00,17478.00,,
22.11.2022,10:15,17545.00,,
22.11.2022,10:30,17505.00,,
22.11.2022,10:45,17627.00,,
22.11.2022,11:00,17781.00,,
22.11.2022,11:15,17702.00,,
22.11.2022,11:30,17743.00,,
22.11.2022,11:45,16782.00,,
22.11.2022,12:00,17667.00,,
22.11.2022,12:15,17560.00,,
22.11.2022,12:30,17696.00,,
22.11.2022,12:45,17819.00,,
22.11.2022,13:00,17799.00,,
22.11.2022,13:15,17599.00,,
22.11.2022,13:30,17444.00,,
22.11.2022,13:45,17291.00,,
22.11.2022,14:00,17156.00,,
22.11.2022,14:15,17414.00,,
22.11.2022,14:30,17884.00,,
22.11.2022,14:45,17248.00,,
22.11.2022,15:00,17394.00,,
22.11.2022,15:15,17620.00,,
22.11.2022,15:30,17269.00,,
22.11.2022,15:45,17287.00,,
22.11.2022,16:00,17267.00,,
22.11.2022,16:15,17315.00,,
22.11.2022,16:30,17453.00,,
22.11.2022,16:45,16544.00,,
22.11.2022,17:00,16649.00,,
22.11.2022,17:15,17838.00,,
22.11.2022,17:30,17901.00,,
22.11.2022,17:45,17926.00,,
22.11.2022,18:00,17777.00,,
22.11.2022,18:15,17603.00,,
22.11.2022,18:30,17541.00,,
22.11.2022,18:45,17511.00,,
22.11.2022,19:00,17543.00,,
22.11.2022,19:15,17355.00,,
22.11.2022,19:30,17249.00,,
22.11.2022,19:45,17071.00,,
22.11.2022,20:00,16899.00,,
22.11.2022,20:15,16498.00,,
22.11.2022,20:30,16082.00,,
22.11.2022,20:45,15846.00,,
22.11.2022,21:00,15797.00,,
22.11.2022,21:15,15641.00,,
22.11.2022,21:30,15556.00,,
22.11.2022,21:45,15440.00,,
22.11.2022,22:00,15255.00,,
22.11.2022,22:15,15084.00,,
22.11.2022,22:30,14840.00,,
22.11.2022,22:45,14554.00,,
22.11.2022,23:00,14360.00,,
22.11.2022,23:15,14037.00,,
22.11.2022,23:30,13869.00,,
22.11.2022,23:45,13572.00,,
23.11.2022,00:00,13391.00,,
23.11.2022,00:15,13214.00,,
23.11.2022,00:30,13096.00,,
23.11.2022,00:45,13053.00,,
23.11.2022,01:00,12773.00,,
23.11.2022,01:15,12756.00,,
23.11.2022,01:30,12637.00,,
23.11.2022,01:45,12548.00,,
23.11.2022,02:00,12454.00,,
23.11.2022,02:15,12425.00,,
23.11.2022,02:30,12465.00,,
23.11.2022,02:45,12525.00,,
23.11.2022,03:00,12561.00,,
23.11.2022,03:15,12560.00,,
23.11.2022,03:30,12571.00,,
23.11.2022,03:45,12550.00,,
23.11.2022,04:00,12701.00,,
23.11.2022,04:15,12809.00,,
23.11.2022,04:30,12940.00,,
23.11.2022,04:45,13092.00,,
23.11.2022,05:00,13363.00,,
23.11.2022,05:15,13560.00,,
23.11.2022,05:30,13920.00,,
23.11.2022,05:45,14342.00,,
23.11.2022,06:00,14938.00,,
23.11.2022,06:15,15074.00,,
23.11.2022,06:30,15552.00,,
23.11.2022,06:45,15922.00,,
23.11.2022,07:00,16357.00,,
23.11.2022,07:15,16614.00,,
23.11.2022,07:30,16905.00,,
23.11.2022,07:45,17034.00,,
23.11.2022,08:00,17380.00,,
23.11.2022,08:15,17359.00,,
23.11.2022,08:30,17402.00,,
23.11.2022,08:45,17422.00,,
23.11.2022,09:00,17484.00,,
23.11.2022,09:15,17553.00,,
23.11.2022,09:30,17502.00,,
23.11.2022,09:45,17541.00,,
23.11.2022,10:00,17424.00,,
23.11.2022,10:15,17439.00,,
23.11.2022,10:30,17592.00,,
23.11.2022,10:45,17580.00,,
23.11.2022,11:00,17585.00,,
23.11.2022,11:15,17628.00,,
23.11.2022,11:30,17716.00,,
23.11.2022,11:45,17589.00,,
23.11.2022,12:00,17450.00,,
23.11.2022,12:15,17274.00,,
23.11.2022,12:30,17343.00,,
23.11.2022,12:45,17342.00,,
23.11.2022,13:00,17413.00,,
23.11.2022,13:15,17389.00,,
23.11.2022,13:30,17411.00,,
23.11.2022,13:45,17273.00,,
23.11.2022,14:00,17148.00,,
23.11.2022,14:15,17133.00,,
23.11.2022,14:30,16948.00,,
23.11.2022,14:45,16985.00,,
23.11.2022,15:00,17164.00,,
23.11.2022,15:15,17066.00,,
23.11.2022,15:30,16961.00,,
23.11.2022,15:45,16863.00,,
23.11.2022,16:00,16999.00,,
23.11.2022,16:15,17027.00,,
23.11.2022,16:30,17178.00,,
23.11.2022,16:45,17352.00,,
23.11.2022,17:00,17630.00,,
23.11.2022,17:15,17701.00,,
23.11.2022,17:30,17749.00,,
23.11.2022,17:45,17808.00,,
23.11.2022,18:00,17875.00,,
23.11.2022,18:15,17722.00,,
23.11.2022,18:30,17685.00,,
23.11.2022,18:45,17615.00,,
23.11.2022,19:00,17513.00,,
23.11.2022,19:15,17253.00,,
23.11.2022,19:30,17089.00,,
23.11.2022,19:45,16844.00,,
23.11.2022,20:00,16631.00,,
23.11.2022,20:15,16240.00,,
23.11.2022,20:30,15868.00,,
23.11.2022,20:45,15723.00,,
23.11.2022,21:00,15353.00,,
23.11.2022,21:15,15248.00,,
23.11.2022,21:30,15089.00,,
23.11.2022,21:45,15052.00,,
23.11.2022,22:00,14778.00,,
23.11.2022,22:15,14622.00,,
23.11.2022,22:30,14321.00,,
23.11.2022,22:45,14164.00,,
23.11.2022,23:00,13860.00,,
23.11.2022,23:15,13733.00,,
23.11.2022,23:30,13530.00,,
23.11.2022,23:45,13454.00,,
24.11.2022,00:00,13159.00,,
24.11.2022,00:15,13097.00,,
24.11.2022,00:30,12978.00,,
24.11.2022,00:45,12832.00,,
24.11.2022,01:00,12694.00,,
24.11.2022,01:15,12602.00,,
24.11.2022,01:30,12482.00,,
24.11.2022,01:45,12368.00,,
24.11.2022,02:00,12288.00,,
24.11.2022,02:15,12222.00,,
24.11.2022,02:30,12248.00,,
24.11.2022,02:45,12285.00,,
24.11.2022,03:00,12367.00,,
24.11.2022,03:15,12408.00,,
24.11.2022,03:30,12379.00,,
24.11.2022,03:45,12395.00,,
24.11.2022,04:00,12555.00,,
24.11.2022,04:15,12533.00,,
24.11.2022,04:30,12631.00,,
24.11.2022,04:45,12799.00,,
24.11.2022,05:00,13200.00,,
24.11.2022,05:15,13418.00,,
24.11.2022,05:30,13809.00,,
24.11.2022,05:45,14354.00,,
24.11.2022,06:00,14997.00,,
24.11.2022,06:15,15418.00,,
24.11.2022,06:30,15674.00,,
24.11.2022,06:45,15961.00,,
24.11.2022,07:00,16431.00,,
24.11.2022,07:15,16617.00,,
24.11.2022,07:30,16811.00,,
24.11.2022,07:45,16986.00,,
24.11.2022,08:00,17240.00,,
24.11.2022,08:15,17423.00,,
24.11.2022,08:30,17431.00,,
24.11.2022,08:45,17457.00,,
24.11.2022,09:00,17306.00,,
24.11.2022,09:15,17390.00,,
24.11.2022,09:30,17555.00,,
24.11.2022,09:45,17626.00,,
24.11.2022,10:00,17648.00,,
24.11.2022,10:15,17697.00,,
24.11.2022,10:30,17701.00,,
24.11.2022,10:45,17709.00,,
24.11.2022,11:00,17616.00,,
24.11.2022,11:15,17638.00,,
24.11.2022,11:30,17644.00,,
24.11.2022,11:45,17659.00,,
24.11.2022,12:00,17662.00,,
24.11.2022,12:15,17577.00,,
24.11.2022,12:30,17626.00,,
24.11.2022,12:45,17583.00,,
24.11.2022,13:00,17634.00,,
24.11.2022,13:15,17546.00,,
24.11.2022,13:30,17538.00,,
24.11.2022,13:45,17502.00,,
24.11.2022,14:00,17329.00,,
24.11.2022,14:15,17234.00,,
24.11.2022,14:30,17193.00,,
24.11.2022,14:45,17208.00,,
24.11.2022,15:00,17216.00,,
24.11.2022,15:15,17164.00,,
24.11.2022,15:30,17101.00,,
24.11.2022,15:45,17021.00,,
24.11.2022,16:00,17063.00,,
24.11.2022,16:15,17161.00,,
24.11.2022,16:30,17316.00,,
24.11.2022,16:45,17451.00,,
24.11.2022,17:00,17750.00,,
24.11.2022,17:15,17755.00,,
24.11.2022,17:30,17800.00,,
24.11.2022,17:45,17782.00,,
24.11.2022,18:00,17648.00,,
24.11.2022,18:15,17551.00,,
24.11.2022,18:30,17550.00,,
24.11.2022,18:45,17457.00,,
24.11.2022,19:00,17505.00,,
24.11.2022,19:15,17323.00,,
24.11.2022,19:30,17167.00,,
24.11.2022,19:45,17074.00,,
24.11.2022,20:00,16695.00,,
24.11.2022,20:15,16446.00,,
24.11.2022,20:30,16282.00,,
24.11.2022,20:45,16089.00,,
24.11.2022,21:00,15780.00,,
24.11.2022,21:15,15613.00,,
24.11.2022,21:30,15429.00,,
24.11.2022,21:45,15303.00,,
24.11.2022,22:00,15171.00,,
24.11.2022,22:15,14983.00,,
24.11.2022,22:30,14660.00,,
24.11.2022,22:45,14335.00,,
24.11.2022,23:00,13958.00,,
24.11.2022,23:15,13907.00,,
24.11.2022,23:30,13750.00,,
24.11.2022,23:45,13515.00,,
25.11.2022,00:00,13128.00,,
25.11.2022,00:15,13023.00,,
25.11.2022,00:30,12962.00,,
25.11.2022,00:45,12851.00,,
25.11.2022,01:00,12679.00,,
25.11.2022,01:15,12612.00,,
25.11.2022,01:30,12578.00,,
25.11.2022,01:45,12542.00,,
25.11.2022,02:00,12488.00,,
25.11.2022,02:15,12222.00,,
25.11.2022,02:30,12146.00,,
25.11.2022,02:45,12185.00,,
25.11.2022,03:00,12211.00,,
25.11.2022,03:15,12197.00,,
25.11.2022,03:30,12274.00,,
25.11.2022,03:45,12331.00,,
25.11.2022,04:00,12512.00,,
25.11.2022,04:15,12523.00,,
25.11.2022,04:30,12617.00,,
25.11.2022,04:45,12926.00,,
25.11.2022,05:00,13278.00,,
25.11.2022,05:15,13476.00,,
25.11.2022,05:30,13889.00,,
25.11.2022,05:45,14107.00,,
25.11.2022,06:00,14917.00,,
25.11.2022,06:15,15321.00,,
25.11.2022,06:30,15585.00,,
25.11.2022,06:45,15809.00,,
25.11.2022,07:00,16268.00,,
25.11.2022,07:15,16415.00,,
25.11.2022,07:30,16531.00,,
25.11.2022,07:45,16724.00,,
25.11.2022,08:00,17060.00,,
25.11.2022,08:15,17122.00,,
25.11.2022,08:30,17226.00,,
25.11.2022,08:45,17281.00,,
25.11.2022,09:00,17287.00,,
25.11.2022,09:15,17241.00,,
25.11.2022,09:30,17305.00,,
25.11.2022,09:45,17301.00,,
25.11.2022,10:00,17355.00,,
25.11.2022,10:15,17316.00,,
25.11.2022,10:30,17428.00,,
25.11.2022,10:45,17538.00,,
25.11.2022,11:00,17704.00,,
25.11.2022,11:15,17647.00,,
25.11.2022,11:30,17599.00,,
25.11.2022,11:45,17510.00,,
25.11.2022,12:00,17613.00,,
25.11.2022,12:15,17585.00,,
25.11.2022,12:30,17586.00,,
25.11.2022,12:45,17562.00,,
25.11.2022,13:00,17266.00,,
25.11.2022,13:15,17230.00,,
25.11.2022,13:30,17081.00,,
25.11.2022,13:45,16883.00,,
25.11.2022,14:00,16751.00,,
25.11.2022,14:15,16724.00,,
25.11.2022,14:30,16676.00,,
25.11.2022,14:45,16620.00,,
25.11.2022,15:00,16580.00,,
25.11.2022,15:15,16505.00,,
25.11.2022,15:30,16495.00,,
25.11.2022,15:45,16417.00,,
25.11.2022,16:00,16598.00,,
25.11.2022,16:15,16607.00,,
25.11.2022,16:30,16653.00,,
25.11.2022,16:45,16880.00,,
25.11.2022,17:00,17134.00,,
25.11.2022,17:15,17068.00,,
25.11.2022,17:30,17077.00,,
25.11.2022,17:45,17089.00,,
25.11.2022,18:00,16974.00,,
25.11.2022,18:15,16820.00,,
25.11.2022,18:30,16720.00,,
25.11.2022,18:45,16645.00,,
25.11.2022,19:00,16531.00,,
25.11.2022,19:15,16333.00,,
25.11.2022,19:30,16183.00,,
25.11.2022,19:45,16005.00,,
25.11.2022,20:00,15833.00,,
25.11.2022,20:15,15633.00,,
25.11.2022,20:30,15351.00,,
25.11.2022,20:45,15211.00,,
25.11.2022,21:00,14854.00,,
25.11.2022,21:15,14663.00,,
25.11.2022,21:30,14493.00,,
25.11.2022,21:45,14285.00,,
25.11.2022,22:00,14222.00,,
25.11.2022,22:15,14071.00,,
25.11.2022,22:30,13501.00,,
25.11.2022,22:45,13322.00,,
25.11.2022,23:00,13320.00,,
25.11.2022,23:15,13014.00,,
25.11.2022,23:30,12865.00,,
25.11.2022,23:45,12750.00,,
26.11.2022,00:00,12468.00,,
26.11.2022,00:15,12336.00,,
26.11.2022,00:30,12444.00,,
26.11.2022,00:45,12420.00,,
26.11.2022,01:00,12271.00,,
26.11.2022,01:15,12176.00,,
26.11.2022,01:30,12169.00,,
26.11.2022,01:45,12131.00,,
26.11.2022,02:00,11970.00,,
26.11.2022,02:15,11964.00,,
26.11.2022,02:30,11969.00,,
26.11.2022,02:45,11985.00,,
26.11.2022,03:00,11938.00,,
26.11.2022,03:15,11962.00,,
26.11.2022,03:30,11992.00,,
26.11.2022,03:45,11992.00,,
26.11.2022,04:00,11940.00,,
26.11.2022,04:15,11981.00,,
26.11.2022,04:30,11960.00,,
26.11.2022,04:45,12031.00,,
26.11.2022,05:00,12086.00,,
26.11.2022,05:15,11998.00,,
26.11.2022,05:30,11983.00,,
26.11.2022,05:45,12004.00,,
26.11.2022,06:00,12186.00,,
26.11.2022,06:15,12167.00,,
26.11.2022,06:30,12217.00,,
26.11.2022,06:45,12372.00,,
26.11.2022,07:00,12668.00,,
26.11.2022,07:15,12796.00,,
26.11.2022,07:30,12945.00,,
26.11.2022,07:45,13033.00,,
26.11.2022,08:00,13418.00,,
26.11.2022,08:15,13588.00,,
26.11.2022,08:30,13771.00,,
26.11.2022,08:45,13891.00,,
26.11.2022,09:00,13977.00,,
26.11.2022,09:15,14028.00,,
26.11.2022,09:30,14241.00,,
26.11.2022,09:45,14384.00,,
26.11.2022,10:00,14493.00,,
26.11.2022,10:15,14566.00,,
26.11.2022,10:30,14621.00,,
26.11.2022,10:45,14790.00,,
26.11.2022,11:00,14897.00,,
26.11.2022,11:15,15009.00,,
26.11.2022,11:30,15130.00,,
26.11.2022,11:45,15037.00,,
26.11.2022,12:00,14926.00,,
26.11.2022,12:15,14850.00,,
26.11.2022,12:30,14722.00,,
26.11.2022,12:45,14678.00,,
26.11.2022,13:00,14659.00,,
26.11.2022,13:15,14520.00,,
26.11.2022,13:30,14399.00,,
26.11.2022,13:45,14240.00,,
26.11.2022,14:00,14097.00,,
26.11.2022,14:15,14056.00,,
26.11.2022,14:30,13966.00,,
26.11.2022,14:45,13967.00,,
26.11.2022,15:00,13983.00,,
26.11.2022,15:15,13974.00,,
26.11.2022,15:30,13993.00,,
26.11.2022,15:45,14005.00,,
26.11.2022,16:00,14221.00,,
26.11.2022,16:15,14361.00,,
26.11.2022,16:30,14555.00,,
26.11.2022,16:45,14794.00,,
26.11.2022,17:00,14993.00,,
26.11.2022,17:15,15013.00,,
26.11.2022,17:30,15098.00,,
26.11.2022,17:45,15072.00,,
26.11.2022,18:00,15010.00,,
26.11.2022,18:15,14976.00,,
26.11.2022,18:30,14939.00,,
26.11.2022,18:45,14841.00,,
26.11.2022,19:00,14754.00,,
26.11.2022,19:15,14651.00,,
26.11.2022,19:30,14439.00,,
26.11.2022,19:45,14363.00,,
26.11.2022,20:00,14039.00,,
26.11.2022,20:15,13786.00,,
26.11.2022,20:30,13561.00,,
26.11.2022,20:45,13495.00,,
26.11.2022,21:00,13322.00,,
26.11.2022,21:15,13167.00,,
26.11.2022,21:30,13122.00,,
26.11.2022,21:45,13153.00,,
26.11.2022,22:00,13028.00,,
26.11.2022,22:15,12903.00,,
26.11.2022,22:30,12618.00,,
26.11.2022,22:45,12554.00,,
26.11.2022,23:00,12339.00,,
26.11.2022,23:15,12021.00,,
26.11.2022,23:30,11807.00,,
26.11.2022,23:45,11783.00,,
27.11.2022,00:00,11769.00,,
27.11.2022,00:15,11627.00,,
27.11.2022,00:30,11630.00,,
27.11.2022,00:45,11446.00,,
27.11.2022,01:00,10976.00,,
27.11.2022,01:15,11003.00,,
27.11.2022,01:30,10994.00,,
27.11.2022,01:45,10944.00,,
27.11.2022,02:00,10877.00,,
27.11.2022,02:15,10865.00,,
27.11.2022,02:30,10843.00,,
27.11.2022,02:45,10838.00,,
27.11.2022,03:00,10889.00,,
27.11.2022,03:15,10957.00,,
27.11.2022,03:30,10910.00,,
27.11.2022,03:45,10867.00,,
27.11.2022,04:00,10753.00,,
27.11.2022,04:15,10715.00,,
27.11.2022,04:30,10698.00,,
27.11.2022,04:45,10701.00,,
27.11.2022,05:00,10776.00,,
27.11.2022,05:15,10807.00,,
27.11.2022,05:30,10802.00,,
27.11.2022,05:45,10792.00,,
27.11.2022,06:00,10795.00,,
27.11.2022,06:15,10834.00,,
27.11.2022,06:30,10900.00,,
27.11.2022,06:45,11008.00,,
27.11.2022,07:00,11183.00,,
27.11.2022,07:15,11424.00,,
27.11.2022,07:30,11508.00,,
27.11.2022,07:45,11592.00,,
27.11.2022,08:00,11997.00,,
27.11.2022,08:15,12214.00,,
27.11.2022,08:30,12293.00,,
27.11.2022,08:45,12473.00,,
27.11.2022,09:00,12553.00,,
27.11.2022,09:15,12698.00,,
27.11.2022,09:30,13002.00,,
27.11.2022,09:45,13221.00,,
27.11.2022,10:00,13269.00,,
27.11.2022,10:15,13437.00,,
27.11.2022,10:30,13603.00,,
27.11.2022,10:45,13545.00,,
27.11.2022,11:00,13627.00,,
27.11.2022,11:15,13762.00,,
27.11.2022,11:30,13873.00,,
27.11.2022,11:45,13865.00,,
27.11.2022,12:00,14017.00,,
27.11.2022,12:15,13939.00,,
27.11.2022,12:30,13855.00,,
27.11.2022,12:45,13844.00,,
27.11.2022,13:00,13817.00,,
27.11.2022,13:15,13695.00,,
27.11.2022,13:30,13624.00,,
27.11.2022,13:45,13501.00,,
27.11.2022,14:00,13466.00,,
27.11.2022,14:15,13387.00,,
27.11.2022,14:30,13358.00,,
27.11.2022,14:45,13305.00,,
27.11.2022,15:00,13359.00,,
27.11.2022,15:15,13266.00,,
27.11.2022,15:30,13281.00,,
27.11.2022,15:45,13343.00,,
27.11.2022,16:00,13575.00,,
27.11.2022,16:15,13790.00,,
27.11.2022,16:30,14120.00,,
27.11.2022,16:45,14438.00,,
27.11.2022,17:00,14677.00,,
27.11.2022,17:15,14778.00,,
27.11.2022,17:30,14900.00,,
27.11.2022,17:45,14978.00,,
27.11.2022,18:00,15136.00,,
27.11.2022,18:15,15065.00,,
27.11.2022,18:30,14983.00,,
27.11.2022,18:45,14900.00,,
27.11.2022,19:00,14999.00,,
27.11.2022,19:15,14867.00,,
27.11.2022,19:30,14706.00,,
27.11.2022,19:45,14505.00,,
27.11.2022,20:00,14399.00,,
27.11.2022,20:15,14287.00,,
27.11.2022,20:30,14048.00,,
27.11.2022,20:45,13901.00,,
27.11.2022,21:00,13835.00,,
27.11.2022,21:15,13696.00,,
27.11.2022,21:30,13428.00,,
27.11.2022,21:45,13411.00,,
27.11.2022,22:00,13541.00,,
27.11.2022,22:15,13535.00,,
27.11.2022,22:30,13407.00,,
27.11.2022,22:45,13321.00,,
27.11.2022,23:00,13228.00,,
27.11.2022,23:15,13046.00,,
27.11.2022,23:30,12930.00,,
27.11.2022,23:45,12879.00,,
28.11.2022,00:00,12769.75,,
28.11.2022,00:15,12478.50,,
28.11.2022,00:30,12408.75,,
28.11.2022,00:45,12175.00,,
28.11.2022,01:00,11984.50,,
28.11.2022,01:15,11988.00,,
28.11.2022,01:30,11874.25,,
28.11.2022,01:45,11838.25,,
28.11.2022,02:00,11785.00,,
28.11.2022,02:15,11714.50,,
28.11.2022,02:30,11729.25,,
28.11.2022,02:45,11750.75,,
28.11.2022,03:00,11766.50,,
28.11.2022,03:15,11776.25,,
28.11.2022,03:30,11773.25,,
28.11.2022,03:45,11748.00,,
28.11.2022,04:00,11805.75,,
28.11.2022,04:15,11875.50,,
28.11.2022,04:30,12052.25,,
28.11.2022,04:45,12183.25,,
28.11.2022,05:00,12821.25,,
28.11.2022,05:15,13190.25,,
28.11.2022,05:30,13632.00,,
28.11.2022,05:45,14182.50,,
28.11.2022,06:00,15202.00,,
28.11.2022,06:15,15720.25,,
28.11.2022,06:30,16111.50,,
28.11.2022,06:45,16436.00,,
28.11.2022,07:00,16973.25,,
28.11.2022,07:15,17223.75,,
28.11.2022,07:30,17319.75,,
28.11.2022,07:45,17485.75,,
28.11.2022,08:00,17785.75,,
28.11.2022,08:15,17899.75,,
28.11.2022,08:30,18118.75,,
28.11.2022,08:45,18261.75,,
28.11.2022,09:00,18026.75,,
28.11.2022,09:15,18015.00,,
28.11.2022,09:30,17892.50,,
28.11.2022,09:45,17939.00,,
28.11.2022,10:00,18077.25,,
28.11.2022,10:15,18094.25,,
28.11.2022,10:30,18064.00,,
28.11.2022,10:45,18045.00,,
28.11.2022,11:00,18197.25,,
28.11.2022,11:15,18269.50,,
28.11.2022,11:30,18296.25,,
28.11.2022,11:45,18270.50,,
28.11.2022,12:00,18292.00,,
28.11.2022,12:15,18248.50,,
28.11.2022,12:30,18166.50,,
28.11.2022,12:45,18077.75,,
28.11.2022,13:00,17977.25,,
28.11.2022,13:15,17890.50,,
28.11.2022,13:30,17824.75,,
28.11.2022,13:45,17648.50,,
28.11.2022,14:00,17701.75,,
28.11.2022,14:15,17673.75,,
28.11.2022,14:30,17617.25,,
28.11.2022,14:45,17521.25,,
28.11.2022,15:00,17505.00,,
28.11.2022,15:15,17478.00,,
28.11.2022,15:30,17459.25,,
28.11.2022,15:45,17531.00,,
28.11.2022,16:00,17576.00,,
28.11.2022,16:15,17611.25,,
28.11.2022,16:30,17688.50,,
28.11.2022,16:45,17729.75,,
28.11.2022,17:00,17843.00,,
28.11.2022,17:15,17912.00,,
28.11.2022,17:30,17920.75,,
28.11.2022,17:45,17938.00,,
28.11.2022,18:00,17822.75,,
28.11.2022,18:15,17733.75,,
28.11.2022,18:30,17703.00,,
28.11.2022,18:45,17595.50,,
28.11.2022,19:00,17494.50,,
28.11.2022,19:15,17343.00,,
28.11.2022,19:30,17191.50,,
28.11.2022,19:45,16992.75,,
28.11.2022,20:00,16695.50,,
28.11.2022,20:15,16494.75,,
28.11.2022,20:30,16297.50,,
28.11.2022,20:45,16079.50,,
28.11.2022,21:00,15905.00,,
28.11.2022,21:15,15701.75,,
28.11.2022,21:30,15532.25,,
28.11.2022,21:45,15385.00,,
28.11.2022,22:00,15095.25,,
28.11.2022,22:15,14906.00,,
28.11.2022,22:30,14740.50,,
28.11.2022,22:45,14598.50,,
28.11.2022,23:00,14185.50,,
28.11.2022,23:15,14040.00,,
28.11.2022,23:30,13841.00,,
28.11.2022,23:45,13735.50,,
29.11.2022,00:00,13492.50,,
29.11.2022,00:15,13356.75,,
29.11.2022,00:30,13225.00,,
29.11.2022,00:45,13173.75,,
29.11.2022,01:00,13064.50,,
29.11.2022,01:15,12969.75,,
29.11.2022,01:30,12883.75,,
29.11.2022,01:45,12793.00,,
29.11.2022,02:00,12709.25,,
29.11.2022,02:15,12659.00,,
29.11.2022,02:30,12699.75,,
29.11.2022,02:45,12748.25,,
29.11.2022,03:00,12768.25,,
29.11.2022,03:15,12778.75,,
29.11.2022,03:30,12811.75,,
29.11.2022,03:45,12815.50,,
29.11.2022,04:00,12940.75,,
29.11.2022,04:15,13004.00,,
29.11.2022,04:30,13077.25,,
29.11.2022,04:45,13193.00,,
29.11.2022,05:00,13368.75,,
29.11.2022,05:15,13524.75,,
29.11.2022,05:30,13661.25,,
29.11.2022,05:45,13981.00,,
29.11.2022,06:00,14920.00,,
29.11.2022,06:15,15232.25,,
29.11.2022,06:30,15509.75,,
29.11.2022,06:45,15814.00,,
29.11.2022,07:00,16246.50,,
29.11.2022,07:15,16497.25,,
29.11.2022,07:30,16809.00,,
29.11.2022,07:45,16884.75,,
29.11.2022,08:00,17194.25,,
29.11.2022,08:15,17264.50,,
29.11.2022,08:30,17367.50,,
29.11.2022,08:45,17402.25,,
29.11.2022,09:00,17365.50,,
29.11.2022,09:15,17484.75,,
29.11.2022,09:30,17555.00,,
29.11.2022,09:45,17641.75,,
29.11.2022,10:00,17669.75,,
29.11.2022,10:15,16827.00,,
29.11.2022,10:30,16890.50,,
29.11.2022,10:45,16934.75,,
29.11.2022,11:00,16982.75,,
29.11.2022,11:15,17064.25,,
29.11.2022,11:30,17074.50,,
29.11.2022,11:45,17118.00,,
29.11.2022,12:00,17107.25,,
29.11.2022,12:15,17084.00,,
29.11.2022,12:30,17043.25,,
29.11.2022,12:45,16998.75,,
29.11.2022,13:00,17058.50,,
29.11.2022,13:15,16933.75,,
29.11.2022,13:30,16885.25,,
29.11.2022,13:45,16721.25,,
29.11.2022,14:00,16694.75,,
29.11.2022,14:15,16630.25,,
29.11.2022,14:30,16540.25,,
29.11.2022,14:45,16470.00,,
29.11.2022,15:00,16508.50,,
29.11.2022,15:15,16451.75,,
29.11.2022,15:30,16425.25,,
29.11.2022,15:45,16310.25,,
29.11.2022,16:00,16427.00,,
29.11.2022,16:15,16498.25,,
29.11.2022,16:30,16563.50,,
29.11.2022,16:45,16671.25,,
29.11.2022,17:00,16884.50,,
29.11.2022,17:15,16929.25,,
29.11.2022,17:30,16944.50,,
29.11.2022,17:45,16945.00,,
29.11.2022,18:00,16934.75,,
29.11.2022,18:15,16897.50,,
29.11.2022,18:30,16828.75,,
29.11.2022,18:45,16775.00,,
29.11.2022,19:00,16571.00,,
29.11.2022,19:15,16397.25,,
29.11.2022,19:30,16253.00,,
29.11.2022,19:45,15993.25,,
29.11.2022,20:00,15742.25,,
29.11.2022,20:15,15498.50,,
29.11.2022,20:30,15240.75,,
29.11.2022,20:45,14971.50,,
29.11.2022,21:00,14898.25,,
29.11.2022,21:15,14702.50,,
29.11.2022,21:30,14473.50,,
29.11.2022,21:45,14347.50,,
29.11.2022,22:00,14009.00,,
29.11.2022,22:15,13779.50,,
29.11.2022,22:30,13617.75,,
29.11.2022,22:45,13548.75,,
29.11.2022,23:00,13164.50,,
29.11.2022,23:15,13063.25,,
29.11.2022,23:30,12926.00,,
29.11.2022,23:45,12753.25,,
30.11.2022,00:00,12683.00,,
30.11.2022,00:15,12624.50,,
30.11.2022,00:30,12498.00,,
30.11.2022,00:45,12322.00,,
30.11.2022,01:00,12168.25,,
30.11.2022,01:15,12102.25,,
30.11.2022,01:30,12158.75,,
30.11.2022,01:45,12187.50,,
30.11.2022,02:00,11974.00,,
30.11.2022,02:15,12008.00,,
30.11.2022,02:30,12000.25,,
30.11.2022,02:45,12022.25,,
30.11.2022,03:00,12036.50,,
30.11.2022,03:15,12055.75,,
30.11.2022,03:30,12070.50,,
30.11.2022,03:45,12109.50,,
30.11.2022,04:00,12283.50,,
30.11.2022,04:15,12365.25,,
30.11.2022,04:30,12511.50,,
30.11.2022,04:45,12565.75,,
30.11.2022,05:00,12899.25,,
30.11.2022,05:15,13033.75,,
30.11.2022,05:30,13366.75,,
30.11.2022,05:45,13799.00,,
30.11.2022,06:00,14426.50,,
30.11.2022,06:15,14907.00,,
30.11.2022,06:30,15170.25,,
30.11.2022,06:45,15392.75,,
30.11.2022,07:00,15607.00,,
30.11.2022,07:15,15844.25,,
30.11.2022,07:30,16104.75,,
30.11.2022,07:45,16202.75,,
30.11.2022,08:00,16455.75,,
30.11.2022,08:15,16608.00,,
30.11.2022,08:30,16645.50,,
30.11.2022,08:45,16694.00,,
30.11.2022,09:00,16718.50,,
30.11.2022,09:15,16735.25,,
30.11.2022,09:30,16842.25,,
30.11.2022,09:45,16889.75,,
30.11.2022,10:00,16913.25,,
30.11.2022,10:15,16956.25,,
30.11.2022,10:30,16947.75,,
30.11.2022,10:45,17032.50,,
30.11.2022,11:00,17023.75,,
30.11.2022,11:15,17029.00,,
30.11.2022,11:30,17146.50,,
30.11.2022,11:45,17177.00,,
30.11.2022,12:00,17144.25,,
30.11.2022,12:15,17125.50,,
30.11.2022,12:30,17111.75,,
30.11.2022,12:45,17102.75,,
30.11.2022,13:00,17162.00,,
30.11.2022,13:15,17060.50,,
30.11.2022,13:30,16969.50,,
30.11.2022,13:45,16839.00,,
30.11.2022,14:00,16873.75,,
30.11.2022,14:15,16786.25,,
30.11.2022,14:30,16702.50,,
30.11.2022,14:45,16639.25,,
30.11.2022,15:00,16655.75,,
30.11.2022,15:15,16668.75,,
30.11.2022,15:30,16624.25,,
30.11.2022,15:45,16668.00,,
30.11.2022,16:00,16777.50,,
30.11.2022,16:15,16837.75,,
30.11.2022,16:30,17018.50,,
30.11.2022,16:45,16987.00,,
30.11.2022,17:00,17057.25,,
30.11.2022,17:15,17051.75,,
30.11.2022,17:30,17110.00,,
30.11.2022,17:45,17088.75,,
30.11.2022,18:00,16994.75,,
30.11.2022,18:15,16871.50,,
30.11.2022,18:30,16881.00,,
30.11.2022,18:45,16780.50,,
30.11.2022,19:00,16553.75,,
30.11.2022,19:15,16336.50,,
30.11.2022,19:30,16251.50,,
30.11.2022,19:45,16115.00,,
30.11.2022,20:00,15877.25,,
30.11.2022,20:15,15667.25,,
30.11.2022,20:30,15411.00,,
30.11.2022,20:45,15295.00,,
30.11.2022,21:00,15148.00,,
30.11.2022,21:15,15040.00,,
30.11.2022,21:30,14956.00,,
30.11.2022,21:45,14803.00,,
30.11.2022,22:00,14620.50,,
30.11.2022,22:15,14530.00,,
30.11.2022,22:30,14277.50,,
30.11.2022,22:45,14031.25,,
30.11.2022,23:00,13549.00,,
30.11.2022,23:15,13465.75,,
30.11.2022,23:30,13313.75,,
30.11.2022,23:45,13189.25,,
