Datum,Uhrzeit,Gesamt,Residuallast
01.11.2022,00:00,11860,6610
01.11.2022,00:15,11717,6414
01.11.2022,00:30,11668,6313
01.11.2022,00:45,11608,6201
01.11.2022,01:00,11507,6101
01.11.2022,01:15,11392,5929
01.11.2022,01:30,11312,5794
01.11.2022,01:45,11185,5612
01.11.2022,02:00,11096,5467
01.11.2022,02:15,11055,5364
01.11.2022,02:30,10995,5244
01.11.2022,02:45,11027,5280
01.11.2022,03:00,11015,5280
01.11.2022,03:15,10998,5202
01.11.2022,03:30,11021,5167
01.11.2022,03:45,11018,5105
01.11.2022,04:00,11068,5095
01.11.2022,04:15,11136,5085
01.11.2022,04:30,11236,5109
01.11.2022,04:45,11360,5160
01.11.2022,05:00,11595,5254
01.11.2022,05:15,11657,5154
01.11.2022,05:30,11786,5197
01.11.2022,05:45,11985,5315
01.11.2022,06:00,12378,5492
01.11.2022,06:15,12536,5558
01.11.2022,06:30,12680,5614
01.11.2022,06:45,12829,5682
01.11.2022,07:00,13014,5787
01.11.2022,07:15,13037,5675
01.11.2022,07:30,13160,5640
01.11.2022,07:45,13309,5592
01.11.2022,08:00,13462,5495
01.11.2022,08:15,13623,5386
01.11.2022,08:30,13711,5184
01.11.2022,08:45,13890,5076
01.11.2022,09:00,14099,5003
01.11.2022,09:15,14082,4728
01.11.2022,09:30,14254,4632
01.11.2022,09:45,14381,4554
01.11.2022,10:00,14493,4411
01.11.2022,10:15,14609,4274
01.11.2022,10:30,14825,4248
01.11.2022,10:45,14966,4293
01.11.2022,11:00,15131,4359
01.11.2022,11:15,15116,4207
01.11.2022,11:30,15175,4198
01.11.2022,11:45,15115,4098
01.11.2022,12:00,15078,4032
01.11.2022,12:15,15062,4057
01.11.2022,12:30,14991,4056
01.11.2022,12:45,14894,4069
01.11.2022,13:00,14803,4059
01.11.2022,13:15,14638,4037
01.11.2022,13:30,14479,4114
01.11.2022,13:45,14345,4246
01.11.2022,14:00,14278,4478
01.11.2022,14:15,14199,4735
01.11.2022,14:30,14157,5051
01.11.2022,14:45,14069,5326
01.11.2022,15:00,14082,5744
01.11.2022,15:15,14009,6068
01.11.2022,15:30,13934,6388
01.11.2022,15:45,13872,6694
01.11.2022,16:00,13866,7019
01.11.2022,16:15,13897,7300
01.11.2022,16:30,13983,7582
01.11.2022,16:45,14132,7868
01.11.2022,17:00,14388,8110
01.11.2022,17:15,14613,8247
01.11.2022,17:30,14832,8427
01.11.2022,17:45,14892,8455
01.11.2022,18:00,14928,8453
01.11.2022,18:15,14896,8358
01.11.2022,18:30,14876,8268
01.11.2022,18:45,14816,8125
01.11.2022,19:00,14752,7967
01.11.2022,19:15,14667,7807
01.11.2022,19:30,14574,7650
01.11.2022,19:45,14447,7544
01.11.2022,20:00,14204,7294
01.11.2022,20:15,14016,7071
01.11.2022,20:30,13821,6839
01.11.2022,20:45,13676,6662
01.11.2022,21:00,13526,6480
01.11.2022,21:15,13402,6336
01.11.2022,21:30,13297,6211
01.11.2022,21:45,13193,6089
01.11.2022,22:00,13153,6116
01.11.2022,22:15,13069,6005
01.11.2022,22:30,12897,5807
01.11.2022,22:45,12765,5715
01.11.2022,23:00,12513,5494
01.11.2022,23:15,12367,5321
01.11.2022,23:30,12216,5141
01.11.2022,23:45,12048,4947
02.11.2022,00:00,12040,4921
02.11.2022,00:15,11912,4669
02.11.2022,00:30,11841,4571
02.11.2022,00:45,11828,4522
02.11.2022,01:00,11694,4392
02.11.2022,01:15,11595,4263
02.11.2022,01:30,11575,4237
02.11.2022,01:45,11462,4083
02.11.2022,02:00,11429,4004
02.11.2022,02:15,11352,3890
02.11.2022,02:30,11343,3839
02.11.2022,02:45,11366,3822
02.11.2022,03:00,11436,3837
02.11.2022,03:15,11479,3830
02.11.2022,03:30,11534,3835
02.11.2022,03:45,11603,3852
02.11.2022,04:00,11756,3956
02.11.2022,04:15,11782,3923
02.11.2022,04:30,11904,3988
02.11.2022,04:45,12067,4095
02.11.2022,05:00,12374,4344
02.11.2022,05:15,12451,4354
02.11.2022,05:30,12665,4504
02.11.2022,05:45,12998,4700
02.11.2022,06:00,13658,5150
02.11.2022,06:15,13932,5368
02.11.2022,06:30,14201,5588
02.11.2022,06:45,14408,5760
02.11.2022,07:00,14766,6126
02.11.2022,07:15,15044,6301
02.11.2022,07:30,15271,6327
02.11.2022,07:45,15401,6163
02.11.2022,08:00,15680,6129
02.11.2022,08:15,15815,6051
02.11.2022,08:30,15917,5814
02.11.2022,08:45,16001,5556
02.11.2022,09:00,15989,5191
02.11.2022,09:15,15998,4862
02.11.2022,09:30,16165,4703
02.11.2022,09:45,16239,4473
02.11.2022,10:00,16313,4257
02.11.2022,10:15,16433,4049
02.11.2022,10:30,16729,4049
02.11.2022,10:45,16853,3922
02.11.2022,11:00,16897,3747
02.11.2022,11:15,16909,3663
02.11.2022,11:30,16971,3672
02.11.2022,11:45,16974,3660
02.11.2022,12:00,16911,3612
02.11.2022,12:15,16857,3657
02.11.2022,12:30,16820,3754
02.11.2022,12:45,16780,3880
02.11.2022,13:00,16744,4044
02.11.2022,13:15,16643,4218
02.11.2022,13:30,16438,4322
02.11.2022,13:45,16294,4511
02.11.2022,14:00,16343,4951
02.11.2022,14:15,16212,5299
02.11.2022,14:30,16090,5580
02.11.2022,14:45,16000,6085
02.11.2022,15:00,15992,6663
02.11.2022,15:15,15844,7153
02.11.2022,15:30,15774,7716
02.11.2022,15:45,15661,8158
02.11.2022,16:00,15589,8654
02.11.2022,16:15,15489,8969
02.11.2022,16:30,15500,9335
02.11.2022,16:45,15555,9672
02.11.2022,17:00,15697,10000
02.11.2022,17:15,15752,10115
02.11.2022,17:30,15883,10300
02.11.2022,17:45,15883,10360
02.11.2022,18:00,15959,10504
02.11.2022,18:15,16021,10555
02.11.2022,18:30,16119,10644
02.11.2022,18:45,16112,10627
02.11.2022,19:00,16040,10518
02.11.2022,19:15,15911,10324
02.11.2022,19:30,15741,10103
02.11.2022,19:45,15532,9853
02.11.2022,20:00,15230,9515
02.11.2022,20:15,14985,9230
02.11.2022,20:30,14776,8982
02.11.2022,20:45,14649,8815
02.11.2022,21:00,14410,8538
02.11.2022,21:15,14217,8323
02.11.2022,21:30,14088,8172
02.11.2022,21:45,13917,7980
02.11.2022,22:00,13764,7878
02.11.2022,22:15,13611,7718
02.11.2022,22:30,13388,7488
02.11.2022,22:45,13212,7301
02.11.2022,23:00,12950,7028
02.11.2022,23:15,12743,6809
02.11.2022,23:30,12618,6665
02.11.2022,23:45,12452,6481
03.11.2022,00:00,12361,6572
03.11.2022,00:15,12269,6447
03.11.2022,00:30,12237,6384
03.11.2022,00:45,12121,6241
03.11.2022,01:00,12033,6201
03.11.2022,01:15,11957,6078
03.11.2022,01:30,11908,5979
03.11.2022,01:45,11818,5830
03.11.2022,02:00,11836,5779
03.11.2022,02:15,11818,5683
03.11.2022,02:30,11802,5590
03.11.2022,02:45,11866,5578
03.11.2022,03:00,11929,5560
03.11.2022,03:15,11962,5532
03.11.2022,03:30,12003,5551
03.11.2022,03:45,12030,5513
03.11.2022,04:00,12138,5566
03.11.2022,04:15,12226,5625
03.11.2022,04:30,12375,5743
03.11.2022,04:45,12562,5900
03.11.2022,05:00,12937,6245
03.11.2022,05:15,13110,6392
03.11.2022,05:30,13404,6661
03.11.2022,05:45,13776,7010
03.11.2022,06:00,14580,7702
03.11.2022,06:15,14847,7966
03.11.2022,06:30,15196,8316
03.11.2022,06:45,15498,8625
03.11.2022,07:00,15810,8946
03.11.2022,07:15,16072,9156
03.11.2022,07:30,16312,9271
03.11.2022,07:45,16429,9222
03.11.2022,08:00,16668,9242
03.11.2022,08:15,16786,9143
03.11.2022,08:30,16865,8996
03.11.2022,08:45,16914,8820
03.11.2022,09:00,16882,8605
03.11.2022,09:15,16858,8459
03.11.2022,09:30,16984,8489
03.11.2022,09:45,17049,8472
03.11.2022,10:00,17138,8490
03.11.2022,10:15,17277,8607
03.11.2022,10:30,17494,8827
03.11.2022,10:45,17566,8944
03.11.2022,11:00,17615,9044
03.11.2022,11:15,17643,9082
03.11.2022,11:30,17681,9173
03.11.2022,11:45,17669,9259
03.11.2022,12:00,17679,9375
03.11.2022,12:15,17628,9434
03.11.2022,12:30,17595,9541
03.11.2022,12:45,17579,9691
03.11.2022,13:00,17519,9778
03.11.2022,13:15,17439,9867
03.11.2022,13:30,17218,9848
03.11.2022,13:45,17049,9910
03.11.2022,14:00,17086,10166
03.11.2022,14:15,16969,10193
03.11.2022,14:30,16838,10220
03.11.2022,14:45,16754,10301
03.11.2022,15:00,16762,10457
03.11.2022,15:15,16599,10421
03.11.2022,15:30,16471,10397
03.11.2022,15:45,16346,10355
03.11.2022,16:00,16290,10346
03.11.2022,16:15,16229,10251
03.11.2022,16:30,16222,10170
03.11.2022,16:45,16262,10126
03.11.2022,17:00,16394,10163
03.11.2022,17:15,16479,10142
03.11.2022,17:30,16595,10152
03.11.2022,17:45,16619,10079
03.11.2022,18:00,16660,10027
03.11.2022,18:15,16735,10056
03.11.2022,18:30,16804,10074
03.11.2022,18:45,16786,9995
03.11.2022,19:00,16676,9849
03.11.2022,19:15,16557,9754
03.11.2022,19:30,16410,9644
03.11.2022,19:45,16201,9480
03.11.2022,20:00,15887,9225
03.11.2022,20:15,15619,9055
03.11.2022,20:30,15366,8898
03.11.2022,20:45,15221,8860
03.11.2022,21:00,14947,8696
03.11.2022,21:15,14749,8632
03.11.2022,21:30,14597,8615
03.11.2022,21:45,14434,8588
03.11.2022,22:00,14228,8591
03.11.2022,22:15,14077,8566
03.11.2022,22:30,13835,8482
03.11.2022,22:45,13643,8443
03.11.2022,23:00,13372,8323
03.11.2022,23:15,13188,8239
03.11.2022,23:30,13051,8202
03.11.2022,23:45,12891,8146
04.11.2022,00:00,12560,6181
04.11.2022,00:15,12438,6104
04.11.2022,00:30,12415,6127
04.11.2022,00:45,12341,6109
04.11.2022,01:00,12202,5994
04.11.2022,01:15,12149,5982
04.11.2022,01:30,12070,5944
04.11.2022,01:45,11993,5911
04.11.2022,02:00,11920,5888
04.11.2022,02:15,11948,5958
04.11.2022,02:30,11911,5966
04.11.2022,02:45,11987,6089
04.11.2022,03:00,12061,6207
04.11.2022,03:15,12047,6238
04.11.2022,03:30,12099,6335
04.11.2022,03:45,12193,6479
04.11.2022,04:00,12330,6664
04.11.2022,04:15,12400,6824
04.11.2022,04:30,12509,7016
04.11.2022,04:45,12661,7259
04.11.2022,05:00,12997,7693
04.11.2022,05:15,13137,7905
04.11.2022,05:30,13415,8250
04.11.2022,05:45,13765,8665
04.11.2022,06:00,14552,9472
04.11.2022,06:15,14843,9811
04.11.2022,06:30,15187,10242
04.11.2022,06:45,15462,10627
04.11.2022,07:00,15803,11075
04.11.2022,07:15,16073,11443
04.11.2022,07:30,16226,11668
04.11.2022,07:45,16559,12059
04.11.2022,08:00,16826,12358
04.11.2022,08:15,16977,12513
04.11.2022,08:30,17064,12586
04.11.2022,08:45,17117,12627
04.11.2022,09:00,17075,12574
04.11.2022,09:15,17114,12580
04.11.2022,09:30,17281,12723
04.11.2022,09:45,17354,12772
04.11.2022,10:00,17462,12870
04.11.2022,10:15,17550,12949
04.11.2022,10:30,17611,13011
04.11.2022,10:45,17698,13124
04.11.2022,11:00,17762,13233
04.11.2022,11:15,17852,13326
04.11.2022,11:30,17912,13429
04.11.2022,11:45,17942,13523
04.11.2022,12:00,17865,13524
04.11.2022,12:15,17727,13459
04.11.2022,12:30,17687,13525
04.11.2022,12:45,17578,13526
04.11.2022,13:00,17523,13566
04.11.2022,13:15,17323,13477
04.11.2022,13:30,17139,13427
04.11.2022,13:45,17035,13454
04.11.2022,14:00,16828,13385
04.11.2022,14:15,16746,13465
04.11.2022,14:30,16657,13542
04.11.2022,14:45,16505,13568
04.11.2022,15:00,16486,13731
04.11.2022,15:15,16370,13787
04.11.2022,15:30,16271,13860
04.11.2022,15:45,16163,13915
04.11.2022,16:00,16092,13984
04.11.2022,16:15,16104,14078
04.11.2022,16:30,16173,14200
04.11.2022,16:45,16239,14298
04.11.2022,17:00,16446,14514
04.11.2022,17:15,16599,14649
04.11.2022,17:30,16731,14760
04.11.2022,17:45,16794,14805
04.11.2022,18:00,16721,14713
04.11.2022,18:15,16687,14661
04.11.2022,18:30,16587,14545
04.11.2022,18:45,16572,14518
04.11.2022,19:00,16459,14389
04.11.2022,19:15,16332,14235
04.11.2022,19:30,16206,14082
04.11.2022,19:45,16083,13937
04.11.2022,20:00,15724,13555
04.11.2022,20:15,15409,13201
04.11.2022,20:30,15143,12897
04.11.2022,20:45,14936,12651
04.11.2022,21:00,14737,12412
04.11.2022,21:15,14519,12154
04.11.2022,21:30,14261,11857
04.11.2022,21:45,14108,11665
04.11.2022,22:00,13916,11436
04.11.2022,22:15,13744,11242
04.11.2022,22:30,13562,11040
04.11.2022,22:45,13355,10807
04.11.2022,23:00,13114,10542
04.11.2022,23:15,12963,10365
04.11.2022,23:30,12826,10204
04.11.2022,23:45,12695,10050
05.11.2022,00:00,12174,9508
05.11.2022,00:15,11981,9281
05.11.2022,00:30,11944,9222
05.11.2022,00:45,11881,9132
05.11.2022,01:00,11740,8898
05.11.2022,01:15,11675,8816
05.11.2022,01:30,11556,8681
05.11.2022,01:45,11440,8553
05.11.2022,02:00,11349,8451
05.11.2022,02:15,11343,8433
05.11.2022,02:30,11292,8371
05.11.2022,02:45,11311,8380
05.11.2022,03:00,11293,8355
05.11.2022,03:15,11290,8347
05.11.2022,03:30,11295,8346
05.11.2022,03:45,11350,8393
05.11.2022,04:00,11395,8432
05.11.2022,04:15,11369,8413
05.11.2022,04:30,11420,8473
05.11.2022,04:45,11498,8566
05.11.2022,05:00,11622,8704
05.11.2022,05:15,11642,8735
05.11.2022,05:30,11691,8796
05.11.2022,05:45,11775,8891
05.11.2022,06:00,12006,9114
05.11.2022,06:15,11994,9099
05.11.2022,06:30,12107,9207
05.11.2022,06:45,12172,9266
05.11.2022,07:00,12366,9448
05.11.2022,07:15,12484,9524
05.11.2022,07:30,12655,9613
05.11.2022,07:45,12851,9673
05.11.2022,08:00,13059,9688
05.11.2022,08:15,13259,9674
05.11.2022,08:30,13477,9659
05.11.2022,08:45,13656,9624
05.11.2022,09:00,13811,9571
05.11.2022,09:15,13908,9504
05.11.2022,09:30,14166,9606
05.11.2022,09:45,14304,9591
05.11.2022,10:00,14408,9541
05.11.2022,10:15,14516,9483
05.11.2022,10:30,14614,9436
05.11.2022,10:45,14644,9344
05.11.2022,11:00,14754,9343
05.11.2022,11:15,14882,9311
05.11.2022,11:30,14886,9159
05.11.2022,11:45,14853,9004
05.11.2022,12:00,14766,8814
05.11.2022,12:15,14734,8684
05.11.2022,12:30,14630,8512
05.11.2022,12:45,14544,8382
05.11.2022,13:00,14433,8241
05.11.2022,13:15,14321,8156
05.11.2022,13:30,14213,8113
05.11.2022,13:45,14077,8085
05.11.2022,14:00,14040,8173
05.11.2022,14:15,13974,8308
05.11.2022,14:30,13872,8443
05.11.2022,14:45,13803,8663
05.11.2022,15:00,13804,8971
05.11.2022,15:15,13765,9232
05.11.2022,15:30,13748,9514
05.11.2022,15:45,13639,9683
05.11.2022,16:00,13650,9927
05.11.2022,16:15,13681,10052
05.11.2022,16:30,13690,10097
05.11.2022,16:45,13764,10150
05.11.2022,17:00,14009,10325
05.11.2022,17:15,14135,10320
05.11.2022,17:30,14306,10360
05.11.2022,17:45,14431,10359
05.11.2022,18:00,14514,10315
05.11.2022,18:15,14600,10266
05.11.2022,18:30,14610,10144
05.11.2022,18:45,14543,9946
05.11.2022,19:00,14468,9757
05.11.2022,19:15,14318,9511
05.11.2022,19:30,14173,9286
05.11.2022,19:45,13969,8996
05.11.2022,20:00,13707,8653
05.11.2022,20:15,13483,8365
05.11.2022,20:30,13280,8099
05.11.2022,20:45,13124,7878
05.11.2022,21:00,12998,7694
05.11.2022,21:15,12838,7487
05.11.2022,21:30,12654,7256
05.11.2022,21:45,12606,7165
05.11.2022,22:00,12523,7108
05.11.2022,22:15,12438,6978
05.11.2022,22:30,12276,6771
05.11.2022,22:45,12107,6555
05.11.2022,23:00,11905,6306
05.11.2022,23:15,11824,6183
05.11.2022,23:30,11706,6024
05.11.2022,23:45,11601,5878
06.11.2022,00:00,11210,5294
06.11.2022,00:15,11114,5160
06.11.2022,00:30,11119,5131
06.11.2022,00:45,11068,5054
06.11.2022,01:00,10920,4904
06.11.2022,01:15,10887,4843
06.11.2022,01:30,10834,4752
06.11.2022,01:45,10785,4664
06.11.2022,02:00,10729,4601
06.11.2022,02:15,10739,4577
06.11.2022,02:30,10674,4480
06.11.2022,02:45,10746,4518
06.11.2022,03:00,10715,4460
06.11.2022,03:15,10723,4456
06.11.2022,03:30,10737,4456
06.11.2022,03:45,10802,4509
06.11.2022,04:00,10854,4548
06.11.2022,04:15,10874,4571
06.11.2022,04:30,10932,4627
06.11.2022,04:45,10984,4682
06.11.2022,05:00,11113,4816
06.11.2022,05:15,11093,4790
06.11.2022,05:30,11131,4822
06.11.2022,05:45,11200,4888
06.11.2022,06:00,11395,5019
06.11.2022,06:15,11333,4964
06.11.2022,06:30,11387,5029
06.11.2022,06:45,11440,5076
06.11.2022,07:00,11569,5223
06.11.2022,07:15,11614,5235
06.11.2022,07:30,11807,5327
06.11.2022,07:45,11988,5337
06.11.2022,08:00,12191,5294
06.11.2022,08:15,12371,5186
06.11.2022,08:30,12600,5097
06.11.2022,08:45,12821,4997
06.11.2022,09:00,12937,4804
06.11.2022,09:15,13062,4707
06.11.2022,09:30,13275,4698
06.11.2022,09:45,13450,4646
06.11.2022,10:00,13442,4418
06.11.2022,10:15,13638,4392
06.11.2022,10:30,13817,4385
06.11.2022,10:45,13887,4291
06.11.2022,11:00,14079,4349
06.11.2022,11:15,14181,4346
06.11.2022,11:30,14195,4321
06.11.2022,11:45,14151,4300
06.11.2022,12:00,14117,4317
06.11.2022,12:15,14012,4295
06.11.2022,12:30,13905,4314
06.11.2022,12:45,13776,4355
06.11.2022,13:00,13682,4421
06.11.2022,13:15,13490,4434
06.11.2022,13:30,13313,4500
06.11.2022,13:45,13168,4634
06.11.2022,14:00,13174,4914
06.11.2022,14:15,13115,5107
06.11.2022,14:30,13045,5300
06.11.2022,14:45,12993,5520
06.11.2022,15:00,12968,5761
06.11.2022,15:15,12914,5918
06.11.2022,15:30,12931,6135
06.11.2022,15:45,12948,6315
06.11.2022,16:00,12986,6431
06.11.2022,16:15,13054,6464
06.11.2022,16:30,13159,6482
06.11.2022,16:45,13275,6486
06.11.2022,17:00,13702,6773
06.11.2022,17:15,13942,6872
06.11.2022,17:30,14118,6901
06.11.2022,17:45,14202,6837
06.11.2022,18:00,14235,6726
06.11.2022,18:15,14196,6571
06.11.2022,18:30,14173,6430
06.11.2022,18:45,14108,6253
06.11.2022,19:00,14017,6054
06.11.2022,19:15,13873,5835
06.11.2022,19:30,13811,5707
06.11.2022,19:45,13655,5491
06.11.2022,20:00,13490,5266
06.11.2022,20:15,13337,5051
06.11.2022,20:30,13207,4861
06.11.2022,20:45,13082,4678
06.11.2022,21:00,12996,4534
06.11.2022,21:15,12912,4417
06.11.2022,21:30,12834,4306
06.11.2022,21:45,12841,4279
06.11.2022,22:00,12791,4348
06.11.2022,22:15,12722,4248
06.11.2022,22:30,12589,4086
06.11.2022,22:45,12513,3977
06.11.2022,23:00,12290,3730
06.11.2022,23:15,12239,3657
06.11.2022,23:30,12137,3533
06.11.2022,23:45,12011,3392
07.11.2022,00:00,12053,3445
07.11.2022,00:15,11952,3429
07.11.2022,00:30,11922,3501
07.11.2022,00:45,11929,3567
07.11.2022,01:00,11844,3505
07.11.2022,01:15,11804,3486
07.11.2022,01:30,11759,3464
07.11.2022,01:45,11710,3433
07.11.2022,02:00,11657,3395
07.11.2022,02:15,11677,3418
07.11.2022,02:30,11686,3430
07.11.2022,02:45,11723,3473
07.11.2022,03:00,11777,3531
07.11.2022,03:15,11778,3530
07.11.2022,03:30,11827,3576
07.11.2022,03:45,11889,3640
07.11.2022,04:00,12041,3779
07.11.2022,04:15,12104,3834
07.11.2022,04:30,12260,3978
07.11.2022,04:45,12477,4201
07.11.2022,05:00,12891,4615
07.11.2022,05:15,13052,4764
07.11.2022,05:30,13383,5081
07.11.2022,05:45,13811,5467
07.11.2022,06:00,14617,6172
07.11.2022,06:15,14965,6450
07.11.2022,06:30,15400,6874
07.11.2022,06:45,15682,7142
07.11.2022,07:00,16181,7635
07.11.2022,07:15,16377,7804
07.11.2022,07:30,16660,8026
07.11.2022,07:45,16771,8012
07.11.2022,08:00,17001,8073
07.11.2022,08:15,17095,7956
07.11.2022,08:30,17175,7811
07.11.2022,08:45,17277,7686
07.11.2022,09:00,17237,7426
07.11.2022,09:15,17242,7220
07.11.2022,09:30,17339,7121
07.11.2022,09:45,17410,7008
07.11.2022,10:00,17478,6909
07.11.2022,10:15,17514,6762
07.11.2022,10:30,17635,6717
07.11.2022,10:45,17720,6680
07.11.2022,11:00,17822,6674
07.11.2022,11:15,17914,6675
07.11.2022,11:30,17911,6613
07.11.2022,11:45,17918,6603
07.11.2022,12:00,17866,6576
07.11.2022,12:15,17827,6676
07.11.2022,12:30,17797,6810
07.11.2022,12:45,17799,6938
07.11.2022,13:00,17807,7161
07.11.2022,13:15,17638,7269
07.11.2022,13:30,17476,7410
07.11.2022,13:45,17319,7580
07.11.2022,14:00,17371,7970
07.11.2022,14:15,17338,8266
07.11.2022,14:30,17229,8519
07.11.2022,14:45,17283,9007
07.11.2022,15:00,17326,9438
07.11.2022,15:15,17241,9671
07.11.2022,15:30,17163,9907
07.11.2022,15:45,17007,10026
07.11.2022,16:00,16830,10076
07.11.2022,16:15,16807,10139
07.11.2022,16:30,16819,10188
07.11.2022,16:45,16775,10149
07.11.2022,17:00,16890,10245
07.11.2022,17:15,16957,10242
07.11.2022,17:30,17058,10273
07.11.2022,17:45,17080,10229
07.11.2022,18:00,17043,10124
07.11.2022,18:15,17123,10148
07.11.2022,18:30,17190,10158
07.11.2022,18:45,17186,10094
07.11.2022,19:00,17042,9893
07.11.2022,19:15,16930,9747
07.11.2022,19:30,16825,9616
07.11.2022,19:45,16627,9403
07.11.2022,20:00,16331,9096
07.11.2022,20:15,16021,8740
07.11.2022,20:30,15818,8542
07.11.2022,20:45,15700,8427
07.11.2022,21:00,15464,8196
07.11.2022,21:15,15359,8108
07.11.2022,21:30,15115,7882
07.11.2022,21:45,14915,7700
07.11.2022,22:00,14777,7682
07.11.2022,22:15,14665,7609
07.11.2022,22:30,14459,7441
07.11.2022,22:45,14235,7254
07.11.2022,23:00,13899,7000
07.11.2022,23:15,13814,6952
07.11.2022,23:30,13688,6863
07.11.2022,23:45,13525,6739
08.11.2022,00:00,12791,6546
08.11.2022,00:15,12699,6495
08.11.2022,00:30,12657,6496
08.11.2022,00:45,12558,6444
08.11.2022,01:00,12468,6438
08.11.2022,01:15,12390,6392
08.11.2022,01:30,12337,6370
08.11.2022,01:45,12248,6304
08.11.2022,02:00,12187,6261
08.11.2022,02:15,12171,6248
08.11.2022,02:30,12199,6281
08.11.2022,02:45,12235,6321
08.11.2022,03:00,12236,6325
08.11.2022,03:15,12278,6364
08.11.2022,03:30,12347,6428
08.11.2022,03:45,12424,6499
08.11.2022,04:00,12547,6556
08.11.2022,04:15,12599,6568
08.11.2022,04:30,12738,6662
08.11.2022,04:45,12947,6826
08.11.2022,05:00,13385,7216
08.11.2022,05:15,13558,7333
08.11.2022,05:30,13835,7556
08.11.2022,05:45,14128,7794
08.11.2022,06:00,14956,8475
08.11.2022,06:15,15274,8723
08.11.2022,06:30,15611,8999
08.11.2022,06:45,15849,9189
08.11.2022,07:00,16204,9494
08.11.2022,07:15,16479,9705
08.11.2022,07:30,16719,9736
08.11.2022,07:45,16838,9586
08.11.2022,08:00,17057,9446
08.11.2022,08:15,17122,9114
08.11.2022,08:30,17198,8756
08.11.2022,08:45,17323,8471
08.11.2022,09:00,17274,8031
08.11.2022,09:15,17266,7698
08.11.2022,09:30,17382,7504
08.11.2022,09:45,17475,7308
08.11.2022,10:00,17534,7104
08.11.2022,10:15,17566,6969
08.11.2022,10:30,17706,6989
08.11.2022,10:45,17818,7003
08.11.2022,11:00,17901,7045
08.11.2022,11:15,17961,7067
08.11.2022,11:30,17965,7080
08.11.2022,11:45,17983,7157
08.11.2022,12:00,17911,7177
08.11.2022,12:15,17883,7264
08.11.2022,12:30,17841,7377
08.11.2022,12:45,17823,7544
08.11.2022,13:00,17861,7766
08.11.2022,13:15,17706,7834
08.11.2022,13:30,17500,7883
08.11.2022,13:45,17341,8004
08.11.2022,14:00,17373,8317
08.11.2022,14:15,17323,8486
08.11.2022,14:30,17240,8672
08.11.2022,14:45,17178,8850
08.11.2022,15:00,17166,9100
08.11.2022,15:15,17088,9295
08.11.2022,15:30,16969,9437
08.11.2022,15:45,16811,9509
08.11.2022,16:00,16752,9608
08.11.2022,16:15,16714,9631
08.11.2022,16:30,16705,9625
08.11.2022,16:45,16689,9576
08.11.2022,17:00,16716,9525
08.11.2022,17:15,16723,9462
08.11.2022,17:30,16811,9481
08.11.2022,17:45,16834,9442
08.11.2022,18:00,16802,9345
08.11.2022,18:15,16856,9353
08.11.2022,18:30,16933,9381
08.11.2022,18:45,16937,9312
08.11.2022,19:00,16825,9144
08.11.2022,19:15,16715,9008
08.11.2022,19:30,16616,8893
08.11.2022,19:45,16460,8724
08.11.2022,20:00,16204,8462
08.11.2022,20:15,15885,8156
08.11.2022,20:30,15710,7993
08.11.2022,20:45,15551,7848
08.11.2022,21:00,15300,7612
08.11.2022,21:15,15140,7473
08.11.2022,21:30,14882,7238
08.11.2022,21:45,14726,7105
08.11.2022,22:00,14577,7096
08.11.2022,22:15,14444,6994
08.11.2022,22:30,14214,6794
08.11.2022,22:45,14016,6628
08.11.2022,23:00,13699,6342
08.11.2022,23:15,13600,6262
08.11.2022,23:30,13438,6125
08.11.2022,23:45,13269,5980
09.11.2022,00:00,12729,5149
09.11.2022,00:15,12657,5114
09.11.2022,00:30,12598,5090
09.11.2022,00:45,12521,5057
09.11.2022,01:00,12325,5047
09.11.2022,01:15,12268,5015
09.11.2022,01:30,12229,5005
09.11.2022,01:45,12139,4938
09.11.2022,02:00,12165,5003
09.11.2022,02:15,12158,5013
09.11.2022,02:30,12190,5067
09.11.2022,02:45,12237,5138
09.11.2022,03:00,12271,5198
09.11.2022,03:15,12292,5242
09.11.2022,03:30,12358,5334
09.11.2022,03:45,12409,5407
09.11.2022,04:00,12503,5529
09.11.2022,04:15,12583,5630
09.11.2022,04:30,12718,5787
09.11.2022,04:45,12883,5971
09.11.2022,05:00,13258,6364
09.11.2022,05:15,13420,6536
09.11.2022,05:30,13695,6819
09.11.2022,05:45,14010,7148
09.11.2022,06:00,14783,7853
09.11.2022,06:15,15113,8201
09.11.2022,06:30,15486,8594
09.11.2022,06:45,15715,8855
09.11.2022,07:00,16051,9231
09.11.2022,07:15,16186,9389
09.11.2022,07:30,16386,9505
09.11.2022,07:45,16556,9609
09.11.2022,08:00,16848,9786
09.11.2022,08:15,16917,9717
09.11.2022,08:30,16962,9675
09.11.2022,08:45,17010,9542
09.11.2022,09:00,17017,9383
09.11.2022,09:15,17069,9261
09.11.2022,09:30,17157,9175
09.11.2022,09:45,17276,9130
09.11.2022,10:00,17331,9036
09.11.2022,10:15,17375,8921
09.11.2022,10:30,17479,8884
09.11.2022,10:45,17573,8896
09.11.2022,11:00,17680,8914
09.11.2022,11:15,17718,8892
09.11.2022,11:30,17768,8912
09.11.2022,11:45,17818,8958
09.11.2022,12:00,17750,8912
09.11.2022,12:15,17690,8921
09.11.2022,12:30,17650,8971
09.11.2022,12:45,17598,9028
09.11.2022,13:00,17589,9134
09.11.2022,13:15,17532,9245
09.11.2022,13:30,17340,9244
09.11.2022,13:45,17122,9209
09.11.2022,14:00,17100,9395
09.11.2022,14:15,17044,9584
09.11.2022,14:30,16912,9704
09.11.2022,14:45,16788,9850
09.11.2022,15:00,16758,10091
09.11.2022,15:15,16612,10186
09.11.2022,15:30,16522,10245
09.11.2022,15:45,16376,10299
09.11.2022,16:00,16411,10488
09.11.2022,16:15,16396,10518
09.11.2022,16:30,16420,10556
09.11.2022,16:45,16465,10598
09.11.2022,17:00,16675,10778
09.11.2022,17:15,16802,10858
09.11.2022,17:30,16927,10936
09.11.2022,17:45,16942,10961
09.11.2022,18:00,16874,10839
09.11.2022,18:15,16814,10718
09.11.2022,18:30,16803,10641
09.11.2022,18:45,16793,10559
09.11.2022,19:00,16730,10423
09.11.2022,19:15,16604,10243
09.11.2022,19:30,16481,10078
09.11.2022,19:45,16343,9906
09.11.2022,20:00,16125,9658
09.11.2022,20:15,15852,9373
09.11.2022,20:30,15650,9159
09.11.2022,20:45,15474,8970
09.11.2022,21:00,15261,8741
09.11.2022,21:15,15050,8536
09.11.2022,21:30,14838,8330
09.11.2022,21:45,14704,8204
09.11.2022,22:00,14518,8106
09.11.2022,22:15,14345,7958
09.11.2022,22:30,14064,7703
09.11.2022,22:45,13876,7541
09.11.2022,23:00,13594,7292
09.11.2022,23:15,13469,7200
09.11.2022,23:30,13343,7108
09.11.2022,23:45,13180,6981
10.11.2022,00:00,12799,6420
10.11.2022,00:15,12659,6328
10.11.2022,00:30,12602,6325
10.11.2022,00:45,12555,6337
10.11.2022,01:00,12412,6358
10.11.2022,01:15,12344,6333
10.11.2022,01:30,12276,6301
10.11.2022,01:45,12176,6233
10.11.2022,02:00,12189,6269
10.11.2022,02:15,12176,6297
10.11.2022,02:30,12194,6361
10.11.2022,02:45,12249,6459
10.11.2022,03:00,12256,6512
10.11.2022,03:15,12286,6588
10.11.2022,03:30,12314,6660
10.11.2022,03:45,12347,6739
10.11.2022,04:00,12469,6904
10.11.2022,04:15,12539,6999
10.11.2022,04:30,12616,7103
10.11.2022,04:45,12789,7307
10.11.2022,05:00,13245,7789
10.11.2022,05:15,13392,7947
10.11.2022,05:30,13639,8170
10.11.2022,05:45,13926,8464
10.11.2022,06:00,14726,9219
10.11.2022,06:15,15025,9528
10.11.2022,06:30,15360,9875
10.11.2022,06:45,15659,10187
10.11.2022,07:00,15991,10539
10.11.2022,07:15,16125,10669
10.11.2022,07:30,16302,10797
10.11.2022,07:45,16459,10821
10.11.2022,08:00,16681,10864
10.11.2022,08:15,16763,10719
10.11.2022,08:30,16848,10541
10.11.2022,08:45,17051,10536
10.11.2022,09:00,17077,10297
10.11.2022,09:15,17062,10026
10.11.2022,09:30,17196,9926
10.11.2022,09:45,17318,9811
10.11.2022,10:00,17374,9638
10.11.2022,10:15,17376,9402
10.11.2022,10:30,17546,9321
10.11.2022,10:45,17658,9201
10.11.2022,11:00,17797,9145
10.11.2022,11:15,17812,8963
10.11.2022,11:30,17831,8798
10.11.2022,11:45,17828,8647
10.11.2022,12:00,17822,8558
10.11.2022,12:15,17766,8480
10.11.2022,12:30,17726,8440
10.11.2022,12:45,17617,8353
10.11.2022,13:00,17611,8415
10.11.2022,13:15,17522,8483
10.11.2022,13:30,17355,8513
10.11.2022,13:45,17188,8619
10.11.2022,14:00,17195,8885
10.11.2022,14:15,17096,9129
10.11.2022,14:30,16992,9408
10.11.2022,14:45,16894,9764
10.11.2022,15:00,16889,10194
10.11.2022,15:15,16771,10499
10.11.2022,15:30,16667,10795
10.11.2022,15:45,16598,11083
10.11.2022,16:00,16688,11444
10.11.2022,16:15,16526,11403
10.11.2022,16:30,16569,11493
10.11.2022,16:45,16704,11627
10.11.2022,17:00,16973,11831
10.11.2022,17:15,17104,11863
10.11.2022,17:30,17194,11853
10.11.2022,17:45,17188,11750
10.11.2022,18:00,17046,11508
10.11.2022,18:15,16987,11331
10.11.2022,18:30,16975,11203
10.11.2022,18:45,16942,11051
10.11.2022,19:00,16786,10785
10.11.2022,19:15,16650,10574
10.11.2022,19:30,16568,10431
10.11.2022,19:45,16405,10216
10.11.2022,20:00,16126,9891
10.11.2022,20:15,15910,9650
10.11.2022,20:30,15681,9398
10.11.2022,20:45,15544,9239
10.11.2022,21:00,15345,9019
10.11.2022,21:15,15171,8841
10.11.2022,21:30,14957,8623
10.11.2022,21:45,14794,8460
10.11.2022,22:00,14570,8324
10.11.2022,22:15,14418,8195
10.11.2022,22:30,14167,7967
10.11.2022,22:45,13976,7798
10.11.2022,23:00,13689,7531
10.11.2022,23:15,13563,7425
10.11.2022,23:30,13439,7320
10.11.2022,23:45,13290,7191
11.11.2022,00:00,12738,6372
11.11.2022,00:15,12606,6292
11.11.2022,00:30,12593,6335
11.11.2022,00:45,12508,6300
11.11.2022,01:00,12307,6227
11.11.2022,01:15,12254,6222
11.11.2022,01:30,12213,6229
11.11.2022,01:45,12177,6229
11.11.2022,02:00,12082,6166
11.11.2022,02:15,12178,6287
11.11.2022,02:30,12156,6293
11.11.2022,02:45,12241,6411
11.11.2022,03:00,12245,6450
11.11.2022,03:15,12240,6473
11.11.2022,03:30,12253,6512
11.11.2022,03:45,12312,6596
11.11.2022,04:00,12479,6786
11.11.2022,04:15,12565,6881
11.11.2022,04:30,12677,7000
11.11.2022,04:45,12840,7168
11.11.2022,05:00,13191,7526
11.11.2022,05:15,13310,7629
11.11.2022,05:30,13564,7866
11.11.2022,05:45,13913,8199
11.11.2022,06:00,14605,8798
11.11.2022,06:15,14860,9040
11.11.2022,06:30,15131,9303
11.11.2022,06:45,15416,9591
11.11.2022,07:00,15694,9887
11.11.2022,07:15,16096,10294
11.11.2022,07:30,16232,10396
11.11.2022,07:45,16411,10485
11.11.2022,08:00,16706,10641
11.11.2022,08:15,16972,10720
11.11.2022,08:30,17031,10554
11.11.2022,08:45,17078,10371
11.11.2022,09:00,17047,10111
11.11.2022,09:15,17065,9932
11.11.2022,09:30,17173,9843
11.11.2022,09:45,17280,9762
11.11.2022,10:00,17295,9585
11.11.2022,10:15,17334,9476
11.11.2022,10:30,17444,9452
11.11.2022,10:45,17500,9402
11.11.2022,11:00,17570,9363
11.11.2022,11:15,17587,9285
11.11.2022,11:30,17601,9228
11.11.2022,11:45,17599,9205
11.11.2022,12:00,17569,9203
11.11.2022,12:15,17485,9091
11.11.2022,12:30,17430,9146
11.11.2022,12:45,17364,9227
11.11.2022,13:00,17356,9383
11.11.2022,13:15,17196,9451
11.11.2022,13:30,17010,9525
11.11.2022,13:45,16866,9674
11.11.2022,14:00,16802,9878
11.11.2022,14:15,16717,10077
11.11.2022,14:30,16645,10318
11.11.2022,14:45,16405,10400
11.11.2022,15:00,16373,10727
11.11.2022,15:15,16306,10982
11.11.2022,15:30,16226,11208
11.11.2022,15:45,16179,11443
11.11.2022,16:00,16175,11641
11.11.2022,16:15,16225,11793
11.11.2022,16:30,16304,11921
11.11.2022,16:45,16372,11998
11.11.2022,17:00,16565,12157
11.11.2022,17:15,16661,12216
11.11.2022,17:30,16669,12186
11.11.2022,17:45,16673,12159
11.11.2022,18:00,16640,12097
11.11.2022,18:15,16617,12064
11.11.2022,18:30,16588,12017
11.11.2022,18:45,16509,11916
11.11.2022,19:00,16436,11825
11.11.2022,19:15,16286,11683
11.11.2022,19:30,16161,11574
11.11.2022,19:45,16051,11488
11.11.2022,20:00,15722,11188
11.11.2022,20:15,15470,10982
11.11.2022,20:30,15287,10845
11.11.2022,20:45,15123,10729
11.11.2022,21:00,14883,10540
11.11.2022,21:15,14741,10458
11.11.2022,21:30,14508,10269
11.11.2022,21:45,14326,10151
11.11.2022,22:00,14111,10038
11.11.2022,22:15,13944,9950
11.11.2022,22:30,13744,9831
11.11.2022,22:45,13538,9689
11.11.2022,23:00,13259,9495
11.11.2022,23:15,13130,9456
11.11.2022,23:30,13059,9461
11.11.2022,23:45,12946,9437
12.11.2022,00:00,12206,8644
12.11.2022,00:15,12029,8547
12.11.2022,00:30,11934,8531
12.11.2022,00:45,11896,8568
12.11.2022,01:00,11739,8568
12.11.2022,01:15,11694,8620
12.11.2022,01:30,11602,8627
12.11.2022,01:45,11503,8625
12.11.2022,02:00,11457,8683
12.11.2022,02:15,11456,8786
12.11.2022,02:30,11419,8852
12.11.2022,02:45,11455,8994
12.11.2022,03:00,11472,9117
12.11.2022,03:15,11467,9219
12.11.2022,03:30,11479,9342
12.11.2022,03:45,11511,9483
12.11.2022,04:00,11567,9646
12.11.2022,04:15,11553,9723
12.11.2022,04:30,11562,9826
12.11.2022,04:45,11630,9986
12.11.2022,05:00,11734,10181
12.11.2022,05:15,11752,10253
12.11.2022,05:30,11821,10378
12.11.2022,05:45,11912,10523
12.11.2022,06:00,12100,10767
12.11.2022,06:15,11992,10703
12.11.2022,06:30,12066,10821
12.11.2022,06:45,12097,10892
12.11.2022,07:00,12284,11110
12.11.2022,07:15,12393,11242
12.11.2022,07:30,12557,11391
12.11.2022,07:45,12740,11485
12.11.2022,08:00,13001,11591
12.11.2022,08:15,13155,11516
12.11.2022,08:30,13338,11432
12.11.2022,08:45,13492,11308
12.11.2022,09:00,13673,11216
12.11.2022,09:15,13745,11028
12.11.2022,09:30,13925,10955
12.11.2022,09:45,14090,10874
12.11.2022,10:00,14149,10677
12.11.2022,10:15,14215,10514
12.11.2022,10:30,14344,10433
12.11.2022,10:45,14407,10342
12.11.2022,11:00,14480,10280
12.11.2022,11:15,14552,10240
12.11.2022,11:30,14591,10208
12.11.2022,11:45,14610,10210
12.11.2022,12:00,14506,10120
12.11.2022,12:15,14477,10146
12.11.2022,12:30,14400,10166
12.11.2022,12:45,14311,10213
12.11.2022,13:00,14258,10308
12.11.2022,13:15,14105,10337
12.11.2022,13:30,13981,10427
12.11.2022,13:45,13805,10484
12.11.2022,14:00,13748,10686
12.11.2022,14:15,13679,10890
12.11.2022,14:30,13659,11164
12.11.2022,14:45,13619,11429
12.11.2022,15:00,13620,11754
12.11.2022,15:15,13554,12016
12.11.2022,15:30,13517,12294
12.11.2022,15:45,13455,12520
12.11.2022,16:00,13506,12767
12.11.2022,16:15,13578,12936
12.11.2022,16:30,13652,13051
12.11.2022,16:45,13809,13215
12.11.2022,17:00,14100,13473
12.11.2022,17:15,14187,13485
12.11.2022,17:30,14301,13528
12.11.2022,17:45,14341,13497
12.11.2022,18:00,14349,13437
12.11.2022,18:15,14339,13361
12.11.2022,18:30,14311,13268
12.11.2022,18:45,14285,13177
12.11.2022,19:00,14201,13039
12.11.2022,19:15,14079,12881
12.11.2022,19:30,13978,12748
12.11.2022,19:45,13842,12578
12.11.2022,20:00,13701,12407
12.11.2022,20:15,13488,12172
12.11.2022,20:30,13282,11944
12.11.2022,20:45,13167,11808
12.11.2022,21:00,13045,11666
12.11.2022,21:15,12968,11578
12.11.2022,21:30,12851,11448
12.11.2022,21:45,12769,11356
12.11.2022,22:00,12655,11242
12.11.2022,22:15,12553,11147
12.11.2022,22:30,12393,10993
12.11.2022,22:45,12285,10893
12.11.2022,23:00,12114,10730
12.11.2022,23:15,12014,10637
12.11.2022,23:30,11951,10581
12.11.2022,23:45,11839,10478
13.11.2022,00:00,11403,10224
13.11.2022,00:15,11305,10117
13.11.2022,00:30,11218,10023
13.11.2022,00:45,11108,9904
13.11.2022,01:00,10922,9700
13.11.2022,01:15,10843,9614
13.11.2022,01:30,10751,9512
13.11.2022,01:45,10708,9460
13.11.2022,02:00,10669,9415
13.11.2022,02:15,10680,9414
13.11.2022,02:30,10609,9331
13.11.2022,02:45,10678,9384
13.11.2022,03:00,10616,9302
13.11.2022,03:15,10641,9295
13.11.2022,03:30,10693,9317
13.11.2022,03:45,10740,9331
13.11.2022,04:00,10844,9398
13.11.2022,04:15,10837,9347
13.11.2022,04:30,10887,9354
13.11.2022,04:45,10938,9362
13.11.2022,05:00,11084,9468
13.11.2022,05:15,11056,9394
13.11.2022,05:30,11099,9392
13.11.2022,05:45,11121,9369
13.11.2022,06:00,11289,9481
13.11.2022,06:15,11169,9319
13.11.2022,06:30,11180,9293
13.11.2022,06:45,11175,9254
13.11.2022,07:00,11196,9238
13.11.2022,07:15,11315,9307
13.11.2022,07:30,11482,9384
13.11.2022,07:45,11639,9361
13.11.2022,08:00,11786,9277
13.11.2022,08:15,11991,9187
13.11.2022,08:30,12209,9076
13.11.2022,08:45,12435,8941
13.11.2022,09:00,12643,8786
13.11.2022,09:15,12805,8607
13.11.2022,09:30,13015,8465
13.11.2022,09:45,13212,8333
13.11.2022,10:00,13188,7978
13.11.2022,10:15,13358,7868
13.11.2022,10:30,13615,7864
13.11.2022,10:45,13648,7690
13.11.2022,11:00,13850,7722
13.11.2022,11:15,13977,7730
13.11.2022,11:30,14048,7721
13.11.2022,11:45,14015,7648
13.11.2022,12:00,13999,7641
13.11.2022,12:15,13972,7642
13.11.2022,12:30,13821,7547
13.11.2022,12:45,13671,7489
13.11.2022,13:00,13618,7537
13.11.2022,13:15,13443,7494
13.11.2022,13:30,13273,7503
13.11.2022,13:45,13108,7556
13.11.2022,14:00,13112,7793
13.11.2022,14:15,13033,7947
13.11.2022,14:30,12937,8115
13.11.2022,14:45,12901,8361
13.11.2022,15:00,12915,8646
13.11.2022,15:15,12867,8809
13.11.2022,15:30,12814,8970
13.11.2022,15:45,12833,9163
13.11.2022,16:00,12943,9350
13.11.2022,16:15,12980,9328
13.11.2022,16:30,13113,9331
13.11.2022,16:45,13236,9289
13.11.2022,17:00,13641,9486
13.11.2022,17:15,13828,9516
13.11.2022,17:30,13973,9502
13.11.2022,17:45,14057,9440
13.11.2022,18:00,14201,9441
13.11.2022,18:15,14171,9325
13.11.2022,18:30,14172,9236
13.11.2022,18:45,14157,9120
13.11.2022,19:00,14033,8906
13.11.2022,19:15,13945,8773
13.11.2022,19:30,13842,8649
13.11.2022,19:45,13720,8512
13.11.2022,20:00,13643,8425
13.11.2022,20:15,13445,8220
13.11.2022,20:30,13341,8110
13.11.2022,20:45,13276,8041
13.11.2022,21:00,13134,7895
13.11.2022,21:15,13115,7857
13.11.2022,21:30,13072,7796
13.11.2022,21:45,13074,7803
13.11.2022,22:00,13058,7826
13.11.2022,22:15,13023,7799
13.11.2022,22:30,12882,7662
13.11.2022,22:45,12776,7571
13.11.2022,23:00,12579,7384
13.11.2022,23:15,12507,7324
13.11.2022,23:30,12424,7252
13.11.2022,23:45,12279,7119
14.11.2022,00:00,12066,7011
14.11.2022,00:15,11978,6916
14.11.2022,00:30,11916,6850
14.11.2022,00:45,11837,6797
14.11.2022,01:00,11696,6680
14.11.2022,01:15,11660,6641
14.11.2022,01:30,11610,6585
14.11.2022,01:45,11551,6518
14.11.2022,02:00,11471,6426
14.11.2022,02:15,11506,6452
14.11.2022,02:30,11515,6453
14.11.2022,02:45,11543,6470
14.11.2022,03:00,11558,6474
14.11.2022,03:15,11626,6535
14.11.2022,03:30,11676,6574
14.11.2022,03:45,11761,6653
14.11.2022,04:00,11969,6857
14.11.2022,04:15,12032,6902
14.11.2022,04:30,12172,7044
14.11.2022,04:45,12345,7217
14.11.2022,05:00,12792,7669
14.11.2022,05:15,12952,7834
14.11.2022,05:30,13236,8123
14.11.2022,05:45,13628,8522
14.11.2022,06:00,14425,9276
14.11.2022,06:15,14734,9605
14.11.2022,06:30,15093,9987
14.11.2022,06:45,15342,10268
14.11.2022,07:00,15723,10688
14.11.2022,07:15,15873,10900
14.11.2022,07:30,16095,11111
14.11.2022,07:45,16293,11189
14.11.2022,08:00,16547,11265
14.11.2022,08:15,16618,11107
14.11.2022,08:30,16693,10898
14.11.2022,08:45,16723,10646
14.11.2022,09:00,16769,10416
14.11.2022,09:15,16790,10218
14.11.2022,09:30,16870,10089
14.11.2022,09:45,16995,10021
14.11.2022,10:00,17076,9916
14.11.2022,10:15,17104,9815
14.11.2022,10:30,17209,9800
14.11.2022,10:45,17275,9762
14.11.2022,11:00,17422,9825
14.11.2022,11:15,17490,9836
14.11.2022,11:30,17533,9845
14.11.2022,11:45,17589,9926
14.11.2022,12:00,17550,9950
14.11.2022,12:15,17499,9978
14.11.2022,12:30,17477,10072
14.11.2022,12:45,17441,10186
14.11.2022,13:00,17421,10306
14.11.2022,13:15,17359,10415
14.11.2022,13:30,17167,10441
14.11.2022,13:45,16957,10481
14.11.2022,14:00,16968,10745
14.11.2022,14:15,16938,10979
14.11.2022,14:30,16770,11091
14.11.2022,14:45,16754,11371
14.11.2022,15:00,16738,11655
14.11.2022,15:15,16577,11717
14.11.2022,15:30,16525,11855
14.11.2022,15:45,16391,11874
14.11.2022,16:00,16336,11868
14.11.2022,16:15,16367,11820
14.11.2022,16:30,16426,11744
14.11.2022,16:45,16461,11613
14.11.2022,17:00,16681,11618
14.11.2022,17:15,16792,11573
14.11.2022,17:30,16865,11494
14.11.2022,17:45,16884,11370
14.11.2022,18:00,16833,11183
14.11.2022,18:15,16811,11086
14.11.2022,18:30,16785,10980
14.11.2022,18:45,16765,10874
14.11.2022,19:00,16666,10704
14.11.2022,19:15,16561,10586
14.11.2022,19:30,16425,10452
14.11.2022,19:45,16259,10296
14.11.2022,20:00,16048,10103
14.11.2022,20:15,15765,9857
14.11.2022,20:30,15555,9684
14.11.2022,20:45,15406,9573
14.11.2022,21:00,15193,9402
14.11.2022,21:15,15052,9313
14.11.2022,21:30,14887,9196
14.11.2022,21:45,14733,9086
14.11.2022,22:00,14536,8999
14.11.2022,22:15,14391,8902
14.11.2022,22:30,14141,8702
14.11.2022,22:45,13950,8565
14.11.2022,23:00,13651,8319
14.11.2022,23:15,13572,8297
14.11.2022,23:30,13474,8255
14.11.2022,23:45,13318,8154
15.11.2022,00:00,12444,7513
15.11.2022,00:15,12333,7442
15.11.2022,00:30,12309,7459
15.11.2022,00:45,12225,7415
15.11.2022,01:00,12094,7364
15.11.2022,01:15,12022,7321
15.11.2022,01:30,11965,7291
15.11.2022,01:45,11883,7233
15.11.2022,02:00,11907,7278
15.11.2022,02:15,11902,7294
15.11.2022,02:30,11892,7310
15.11.2022,02:45,11941,7385
15.11.2022,03:00,11962,7432
15.11.2022,03:15,11971,7466
15.11.2022,03:30,12025,7542
15.11.2022,03:45,12085,7628
15.11.2022,04:00,12237,7804
15.11.2022,04:15,12314,7925
15.11.2022,04:30,12432,8085
15.11.2022,04:45,12610,8301
15.11.2022,05:00,13001,8729
15.11.2022,05:15,13159,8935
15.11.2022,05:30,13411,9244
15.11.2022,05:45,13735,9617
15.11.2022,06:00,14480,10373
15.11.2022,06:15,14763,10711
15.11.2022,06:30,15073,11080
15.11.2022,06:45,15286,11358
15.11.2022,07:00,15668,11833
15.11.2022,07:15,16048,12257
15.11.2022,07:30,16244,12448
15.11.2022,07:45,16415,12534
15.11.2022,08:00,16651,12625
15.11.2022,08:15,16716,12485
15.11.2022,08:30,16790,12319
15.11.2022,08:45,16829,12115
15.11.2022,09:00,16866,11886
15.11.2022,09:15,16884,11709
15.11.2022,09:30,16986,11620
15.11.2022,09:45,17095,11549
15.11.2022,10:00,17138,11419
15.11.2022,10:15,17190,11339
15.11.2022,10:30,17308,11346
15.11.2022,10:45,17388,11351
15.11.2022,11:00,17520,11427
15.11.2022,11:15,17563,11415
15.11.2022,11:30,17610,11475
15.11.2022,11:45,17668,11598
15.11.2022,12:00,17620,11648
15.11.2022,12:15,17556,11685
15.11.2022,12:30,17532,11802
15.11.2022,12:45,17467,11909
15.11.2022,13:00,17494,12098
15.11.2022,13:15,17440,12230
15.11.2022,13:30,17250,12251
15.11.2022,13:45,17031,12271
15.11.2022,14:00,17012,12498
15.11.2022,14:15,16940,12660
15.11.2022,14:30,16803,12781
15.11.2022,14:45,16686,12934
15.11.2022,15:00,16633,13146
15.11.2022,15:15,16499,13166
15.11.2022,15:30,16414,13216
15.11.2022,15:45,16306,13191
15.11.2022,16:00,16389,13294
15.11.2022,16:15,16405,13175
15.11.2022,16:30,16462,13068
15.11.2022,16:45,16556,12978
15.11.2022,17:00,16760,12973
15.11.2022,17:15,16857,12861
15.11.2022,17:30,16958,12768
15.11.2022,17:45,16985,12596
15.11.2022,18:00,16933,12306
15.11.2022,18:15,16891,12107
15.11.2022,18:30,16875,11932
15.11.2022,18:45,16856,11786
15.11.2022,19:00,16771,11568
15.11.2022,19:15,16639,11353
15.11.2022,19:30,16490,11118
15.11.2022,19:45,16328,10894
15.11.2022,20:00,16118,10626
15.11.2022,20:15,15844,10302
15.11.2022,20:30,15652,10062
15.11.2022,20:45,15472,9835
15.11.2022,21:00,15257,9576
15.11.2022,21:15,15081,9357
15.11.2022,21:30,14902,9135
15.11.2022,21:45,14768,8961
15.11.2022,22:00,14570,8794
15.11.2022,22:15,14396,8604
15.11.2022,22:30,14133,8337
15.11.2022,22:45,13950,8136
15.11.2022,23:00,13657,7825
15.11.2022,23:15,13539,7695
15.11.2022,23:30,13420,7562
15.11.2022,23:45,13283,7413
16.11.2022,00:00,12635,6566
16.11.2022,00:15,12494,6449
16.11.2022,00:30,12388,6331
16.11.2022,00:45,12322,6256
16.11.2022,01:00,12177,6133
16.11.2022,01:15,12118,6068
16.11.2022,01:30,12043,5983
16.11.2022,01:45,11975,5903
16.11.2022,02:00,12003,5916
16.11.2022,02:15,11992,5885
16.11.2022,02:30,11986,5862
16.11.2022,02:45,12009,5864
16.11.2022,03:00,12045,5879
16.11.2022,03:15,12077,5883
16.11.2022,03:30,12129,5908
16.11.2022,03:45,12168,5920
16.11.2022,04:00,12307,6027
16.11.2022,04:15,12394,6087
16.11.2022,04:30,12476,6144
16.11.2022,04:45,12623,6273
16.11.2022,05:00,12993,6627
16.11.2022,05:15,13082,6694
16.11.2022,05:30,13261,6852
16.11.2022,05:45,13551,7122
16.11.2022,06:00,14274,7753
16.11.2022,06:15,14510,7987
16.11.2022,06:30,14844,8315
16.11.2022,06:45,15109,8580
16.11.2022,07:00,15464,8965
16.11.2022,07:15,15616,9159
16.11.2022,07:30,15810,9385
16.11.2022,07:45,16051,9620
16.11.2022,08:00,16418,9970
16.11.2022,08:15,16531,10065
16.11.2022,08:30,16647,10149
16.11.2022,08:45,16709,10178
16.11.2022,09:00,16719,10146
16.11.2022,09:15,16709,10094
16.11.2022,09:30,16829,10169
16.11.2022,09:45,16958,10251
16.11.2022,10:00,17040,10290
16.11.2022,10:15,17076,10268
16.11.2022,10:30,17226,10367
16.11.2022,10:45,17321,10418
16.11.2022,11:00,17369,10433
16.11.2022,11:15,17418,10478
16.11.2022,11:30,17466,10531
16.11.2022,11:45,17449,10545
16.11.2022,12:00,17369,10529
16.11.2022,12:15,17327,10558
16.11.2022,12:30,17293,10624
16.11.2022,12:45,17249,10701
16.11.2022,13:00,17208,10775
16.11.2022,13:15,17090,10772
16.11.2022,13:30,16928,10754
16.11.2022,13:45,16802,10775
16.11.2022,14:00,16779,10914
16.11.2022,14:15,16720,11005
16.11.2022,14:30,16637,11087
16.11.2022,14:45,16532,11160
16.11.2022,15:00,16505,11323
16.11.2022,15:15,16399,11346
16.11.2022,15:30,16076,11145
16.11.2022,15:45,16020,11194
16.11.2022,16:00,16101,11356
16.11.2022,16:15,16113,11354
16.11.2022,16:30,16215,11412
16.11.2022,16:45,16366,11501
16.11.2022,17:00,16573,11619
16.11.2022,17:15,16690,11634
16.11.2022,17:30,16791,11630
16.11.2022,17:45,16784,11519
16.11.2022,18:00,16717,11346
16.11.2022,18:15,16672,11202
16.11.2022,18:30,16646,11072
16.11.2022,18:45,16599,10908
16.11.2022,19:00,16531,10719
16.11.2022,19:15,16388,10492
16.11.2022,19:30,16244,10279
16.11.2022,19:45,16098,10071
16.11.2022,20:00,15837,9752
16.11.2022,20:15,15587,9449
16.11.2022,20:30,15330,9140
16.11.2022,20:45,15163,8921
16.11.2022,21:00,14954,8658
16.11.2022,21:15,14794,8427
16.11.2022,21:30,14599,8160
16.11.2022,21:45,14449,7941
16.11.2022,22:00,14272,7796
16.11.2022,22:15,14138,7590
16.11.2022,22:30,13885,7263
16.11.2022,22:45,13714,7043
16.11.2022,23:00,13464,6719
16.11.2022,23:15,13325,6489
16.11.2022,23:30,13213,6283
16.11.2022,23:45,13039,6018
17.11.2022,00:00,12663,4791
17.11.2022,00:15,12568,4572
17.11.2022,00:30,12495,4380
17.11.2022,00:45,12462,4231
17.11.2022,01:00,12265,3922
17.11.2022,01:15,12187,3741
17.11.2022,01:30,12141,3585
17.11.2022,01:45,12058,3388
17.11.2022,02:00,12057,3274
17.11.2022,02:15,12063,3196
17.11.2022,02:30,12065,3116
17.11.2022,02:45,12095,3052
17.11.2022,03:00,12126,3005
17.11.2022,03:15,12128,2928
17.11.2022,03:30,12166,2886
17.11.2022,03:45,12207,2848
17.11.2022,04:00,12350,2914
17.11.2022,04:15,12418,2921
17.11.2022,04:30,12523,2973
17.11.2022,04:45,12689,3077
17.11.2022,05:00,13116,3446
17.11.2022,05:15,13244,3528
17.11.2022,05:30,13469,3707
17.11.2022,05:45,13762,3957
17.11.2022,06:00,14490,4482
17.11.2022,06:15,14674,4637
17.11.2022,06:30,15002,4939
17.11.2022,06:45,15269,5191
17.11.2022,07:00,15618,5541
17.11.2022,07:15,15834,5767
17.11.2022,07:30,16009,5943
17.11.2022,07:45,16222,6110
17.11.2022,08:00,16566,6417
17.11.2022,08:15,16709,6482
17.11.2022,08:30,16794,6488
17.11.2022,08:45,16823,6432
17.11.2022,09:00,16841,6381
17.11.2022,09:15,16810,6250
17.11.2022,09:30,16907,6250
17.11.2022,09:45,17003,6219
17.11.2022,10:00,17034,6154
17.11.2022,10:15,17075,6106
17.11.2022,10:30,17214,6168
17.11.2022,10:45,17288,6182
17.11.2022,11:00,17356,6210
17.11.2022,11:15,17402,6253
17.11.2022,11:30,17445,6303
17.11.2022,11:45,17472,6360
17.11.2022,12:00,17420,6377
17.11.2022,12:15,17410,6430
17.11.2022,12:30,17380,6475
17.11.2022,12:45,17331,6512
17.11.2022,13:00,17349,6648
17.11.2022,13:15,17205,6673
17.11.2022,13:30,17005,6659
17.11.2022,13:45,16829,6722
17.11.2022,14:00,16827,6940
17.11.2022,14:15,16749,7071
17.11.2022,14:30,16664,7209
17.11.2022,14:45,16550,7341
17.11.2022,15:00,16571,7610
17.11.2022,15:15,16480,7751
17.11.2022,15:30,16396,7887
17.11.2022,15:45,16347,8030
17.11.2022,16:00,16454,8304
17.11.2022,16:15,16339,8278
17.11.2022,16:30,16422,8433
17.11.2022,16:45,16569,8646
17.11.2022,17:00,16779,8902
17.11.2022,17:15,16897,9062
17.11.2022,17:30,16970,9178
17.11.2022,17:45,16957,9209
17.11.2022,18:00,16899,9194
17.11.2022,18:15,16854,9185
17.11.2022,18:30,16836,9201
17.11.2022,18:45,16827,9216
17.11.2022,19:00,16685,9094
17.11.2022,19:15,16558,9016
17.11.2022,19:30,16445,8968
17.11.2022,19:45,16251,8846
17.11.2022,20:00,15998,8656
17.11.2022,20:15,15713,8434
17.11.2022,20:30,15485,8260
17.11.2022,20:45,15307,8140
17.11.2022,21:00,15071,7976
17.11.2022,21:15,14934,7902
17.11.2022,21:30,14766,7800
17.11.2022,21:45,14613,7712
17.11.2022,22:00,14398,7648
17.11.2022,22:15,14242,7545
17.11.2022,22:30,14012,7369
17.11.2022,22:45,13843,7254
17.11.2022,23:00,13554,7019
17.11.2022,23:15,13425,6866
17.11.2022,23:30,13307,6792
17.11.2022,23:45,13136,6667
18.11.2022,00:00,12765,6759
18.11.2022,00:15,12626,6675
18.11.2022,00:30,12600,6705
18.11.2022,00:45,12555,6782
18.11.2022,01:00,12327,6623
18.11.2022,01:15,12308,6645
18.11.2022,01:30,12259,6635
18.11.2022,01:45,12185,6599
18.11.2022,02:00,12102,6551
18.11.2022,02:15,12218,6697
18.11.2022,02:30,12189,6699
18.11.2022,02:45,12215,6758
18.11.2022,03:00,12247,6822
18.11.2022,03:15,12231,6823
18.11.2022,03:30,12272,6880
18.11.2022,03:45,12311,6934
18.11.2022,04:00,12478,7111
18.11.2022,04:15,12536,7167
18.11.2022,04:30,12670,7297
18.11.2022,04:45,12771,7396
18.11.2022,05:00,13163,7786
18.11.2022,05:15,13304,7914
18.11.2022,05:30,13572,8170
18.11.2022,05:45,13906,8491
18.11.2022,06:00,14684,9173
18.11.2022,06:15,14966,9437
18.11.2022,06:30,15286,9741
18.11.2022,06:45,15570,10021
18.11.2022,07:00,15878,10331
18.11.2022,07:15,15770,10210
18.11.2022,07:30,15957,10374
18.11.2022,07:45,16196,10553
18.11.2022,08:00,16470,10748
18.11.2022,08:15,16570,10767
18.11.2022,08:30,16658,10766
18.11.2022,08:45,16729,10745
18.11.2022,09:00,16708,10624
18.11.2022,09:15,16694,10517
18.11.2022,09:30,16790,10517
18.11.2022,09:45,16864,10500
18.11.2022,10:00,16882,10430
18.11.2022,10:15,16909,10381
18.11.2022,10:30,16997,10386
18.11.2022,10:45,17055,10372
18.11.2022,11:00,17103,10366
18.11.2022,11:15,17181,10409
18.11.2022,11:30,17190,10388
18.11.2022,11:45,17194,10376
18.11.2022,12:00,17134,10312
18.11.2022,12:15,17113,10301
18.11.2022,12:30,17108,10318
18.11.2022,12:45,16997,10234
18.11.2022,13:00,17028,10305
18.11.2022,13:15,16860,10189
18.11.2022,13:30,16646,10048
18.11.2022,13:45,16534,10025
18.11.2022,14:00,16472,10065
18.11.2022,14:15,16373,10065
18.11.2022,14:30,16333,10153
18.11.2022,14:45,16228,10188
18.11.2022,15:00,16254,10358
18.11.2022,15:15,16167,10392
18.11.2022,15:30,16088,10442
18.11.2022,15:45,16046,10500
18.11.2022,16:00,16107,10628
18.11.2022,16:15,16171,10720
18.11.2022,16:30,16274,10821
18.11.2022,16:45,16348,10881
18.11.2022,17:00,16554,11070
18.11.2022,17:15,16608,11102
18.11.2022,17:30,16647,11118
18.11.2022,17:45,16651,11106
18.11.2022,18:00,16550,10989
18.11.2022,18:15,16511,10940
18.11.2022,18:30,16479,10894
18.11.2022,18:45,16441,10839
18.11.2022,19:00,16259,10656
18.11.2022,19:15,16121,10551
18.11.2022,19:30,16040,10512
18.11.2022,19:45,15874,10393
18.11.2022,20:00,15600,10173
18.11.2022,20:15,15290,9940
18.11.2022,20:30,15068,9773
18.11.2022,20:45,14895,9678
18.11.2022,21:00,14659,9520
18.11.2022,21:15,14492,9434
18.11.2022,21:30,14328,9349
18.11.2022,21:45,14178,9278
18.11.2022,22:00,13991,9208
18.11.2022,22:15,13878,9183
18.11.2022,22:30,13681,9071
18.11.2022,22:45,13515,8991
18.11.2022,23:00,13241,8801
18.11.2022,23:15,13128,8764
18.11.2022,23:30,13026,8741
18.11.2022,23:45,12903,8695
19.11.2022,00:00,12204,8231
19.11.2022,00:15,12022,8093
19.11.2022,00:30,11973,8090
19.11.2022,00:45,11907,8073
19.11.2022,01:00,11710,7968
19.11.2022,01:15,11664,7957
19.11.2022,01:30,11531,7858
19.11.2022,01:45,11413,7769
19.11.2022,02:00,11354,7747
19.11.2022,02:15,11360,7782
19.11.2022,02:30,11287,7741
19.11.2022,02:45,11279,7764
19.11.2022,03:00,11297,7812
19.11.2022,03:15,11287,7831
19.11.2022,03:30,11283,7855
19.11.2022,03:45,11295,7891
19.11.2022,04:00,11370,7994
19.11.2022,04:15,11356,8018
19.11.2022,04:30,11353,8055
19.11.2022,04:45,11416,8156
19.11.2022,05:00,11561,8344
19.11.2022,05:15,11521,8360
19.11.2022,05:30,11579,8471
19.11.2022,05:45,11679,8628
19.11.2022,06:00,11849,8839
19.11.2022,06:15,11743,8788
19.11.2022,06:30,11819,8923
19.11.2022,06:45,11862,9032
19.11.2022,07:00,12042,9288
19.11.2022,07:15,12172,9473
19.11.2022,07:30,12313,9655
19.11.2022,07:45,12556,9898
19.11.2022,08:00,12834,10111
19.11.2022,08:15,13033,10207
19.11.2022,08:30,13223,10263
19.11.2022,08:45,13390,10292
19.11.2022,09:00,13559,10329
19.11.2022,09:15,13619,10264
19.11.2022,09:30,13790,10313
19.11.2022,09:45,13953,10364
19.11.2022,10:00,14046,10346
19.11.2022,10:15,14156,10375
19.11.2022,10:30,14309,10453
19.11.2022,10:45,14350,10440
19.11.2022,11:00,14376,10433
19.11.2022,11:15,14475,10517
19.11.2022,11:30,14480,10544
19.11.2022,11:45,14516,10628
19.11.2022,12:00,14445,10618
19.11.2022,12:15,14453,10694
19.11.2022,12:30,14372,10700
19.11.2022,12:45,14254,10691
19.11.2022,13:00,14228,10780
19.11.2022,13:15,14105,10782
19.11.2022,13:30,13972,10801
19.11.2022,13:45,13819,10820
19.11.2022,14:00,13814,11000
19.11.2022,14:15,13721,11101
19.11.2022,14:30,13671,11258
19.11.2022,14:45,13528,11330
19.11.2022,15:00,13508,11524
19.11.2022,15:15,13499,11699
19.11.2022,15:30,13455,11826
19.11.2022,15:45,13436,11947
19.11.2022,16:00,13522,12122
19.11.2022,16:15,13597,12238
19.11.2022,16:30,13739,12389
19.11.2022,16:45,13910,12541
19.11.2022,17:00,14200,12807
19.11.2022,17:15,14277,12875
19.11.2022,17:30,14383,12972
19.11.2022,17:45,14410,12994
19.11.2022,18:00,14410,12991
19.11.2022,18:15,14374,12959
19.11.2022,18:30,14335,12926
19.11.2022,18:45,14221,12818
19.11.2022,19:00,14146,12758
19.11.2022,19:15,14032,12667
19.11.2022,19:30,13881,12541
19.11.2022,19:45,13699,12387
19.11.2022,20:00,13494,12209
19.11.2022,20:15,13256,11993
19.11.2022,20:30,13086,11848
19.11.2022,20:45,12971,11757
19.11.2022,21:00,12786,11596
19.11.2022,21:15,12717,11537
19.11.2022,21:30,12628,11459
19.11.2022,21:45,12553,11396
19.11.2022,22:00,12457,11314
19.11.2022,22:15,12409,11281
19.11.2022,22:30,12259,11147
19.11.2022,22:45,12152,11056
19.11.2022,23:00,11956,10876
19.11.2022,23:15,11884,10813
19.11.2022,23:30,11804,10745
19.11.2022,23:45,11694,10644
20.11.2022,00:00,11223,10178
20.11.2022,00:15,11082,10046
20.11.2022,00:30,10998,9969
20.11.2022,00:45,10922,9902
20.11.2022,01:00,10689,9675
20.11.2022,01:15,10632,9626
20.11.2022,01:30,10546,9548
20.11.2022,01:45,10521,9532
20.11.2022,02:00,10511,9530
20.11.2022,02:15,10526,9541
20.11.2022,02:30,10459,9470
20.11.2022,02:45,10527,9533
20.11.2022,03:00,10471,9469
20.11.2022,03:15,10477,9468
20.11.2022,03:30,10492,9477
20.11.2022,03:45,10512,9490
20.11.2022,04:00,10599,9573
20.11.2022,04:15,10589,9568
20.11.2022,04:30,10625,9609
20.11.2022,04:45,10654,9644
20.11.2022,05:00,10814,9809
20.11.2022,05:15,10780,9774
20.11.2022,05:30,10795,9788
20.11.2022,05:45,10813,9804
20.11.2022,06:00,10897,9885
20.11.2022,06:15,10697,9685
20.11.2022,06:30,10723,9715
20.11.2022,06:45,10731,9730
20.11.2022,07:00,10813,9819
20.11.2022,07:15,10905,9905
20.11.2022,07:30,11045,10033
20.11.2022,07:45,11241,10186
20.11.2022,08:00,11409,10255
20.11.2022,08:15,11640,10361
20.11.2022,08:30,11847,10418
20.11.2022,08:45,12053,10458
20.11.2022,09:00,12266,10501
20.11.2022,09:15,12384,10438
20.11.2022,09:30,12565,10444
20.11.2022,09:45,12790,10502
20.11.2022,10:00,12854,10409
20.11.2022,10:15,13021,10442
20.11.2022,10:30,13277,10582
20.11.2022,10:45,13360,10561
20.11.2022,11:00,13570,10675
20.11.2022,11:15,13703,10725
20.11.2022,11:30,13762,10721
20.11.2022,11:45,13768,10693
20.11.2022,12:00,13715,10629
20.11.2022,12:15,13659,10580
20.11.2022,12:30,13564,10507
20.11.2022,12:45,13396,10388
20.11.2022,13:00,13321,10385
20.11.2022,13:15,13117,10276
20.11.2022,13:30,12968,10244
20.11.2022,13:45,12809,10215
20.11.2022,14:00,12838,10388
20.11.2022,14:15,12734,10443
20.11.2022,14:30,12669,10555
20.11.2022,14:45,12586,10649
20.11.2022,15:00,12587,10827
20.11.2022,15:15,12572,10961
20.11.2022,15:30,12578,11103
20.11.2022,15:45,12632,11262
20.11.2022,16:00,12789,11470
20.11.2022,16:15,12909,11593
20.11.2022,16:30,13021,11680
20.11.2022,16:45,13183,11801
20.11.2022,17:00,13545,12113
20.11.2022,17:15,13734,12225
20.11.2022,17:30,13843,12261
20.11.2022,17:45,13939,12286
20.11.2022,18:00,14060,12335
20.11.2022,18:15,14012,12196
20.11.2022,18:30,14014,12103
20.11.2022,18:45,13972,11956
20.11.2022,19:00,13841,11726
20.11.2022,19:15,13778,11598
20.11.2022,19:30,13663,11422
20.11.2022,19:45,13490,11193
20.11.2022,20:00,13350,11008
20.11.2022,20:15,13211,10835
20.11.2022,20:30,13084,10676
20.11.2022,20:45,12986,10548
20.11.2022,21:00,12884,10417
20.11.2022,21:15,12892,10395
20.11.2022,21:30,12870,10345
20.11.2022,21:45,12860,10309
20.11.2022,22:00,12890,10344
20.11.2022,22:15,12870,10308
20.11.2022,22:30,12728,10153
20.11.2022,22:45,12622,10035
20.11.2022,23:00,12404,9808
20.11.2022,23:15,12332,9716
20.11.2022,23:30,12271,9641
20.11.2022,23:45,12138,9493
21.11.2022,00:00,11944,9203
21.11.2022,00:15,11829,9096
21.11.2022,00:30,11796,9074
21.11.2022,00:45,11733,9026
21.11.2022,01:00,11512,8832
21.11.2022,01:15,11470,8822
21.11.2022,01:30,11433,8813
21.11.2022,01:45,11362,8769
21.11.2022,02:00,11410,8844
21.11.2022,02:15,11432,8898
21.11.2022,02:30,11452,8951
21.11.2022,02:45,11459,8993
21.11.2022,03:00,11539,9111
21.11.2022,03:15,11575,9180
21.11.2022,03:30,11620,9262
21.11.2022,03:45,11694,9370
21.11.2022,04:00,11900,9609
21.11.2022,04:15,11995,9744
21.11.2022,04:30,12120,9907
21.11.2022,04:45,12259,10088
21.11.2022,05:00,12657,10528
21.11.2022,05:15,12830,10730
21.11.2022,05:30,13105,11033
21.11.2022,05:45,13501,11457
21.11.2022,06:00,14213,12181
21.11.2022,06:15,14487,12480
21.11.2022,06:30,14833,12851
21.11.2022,06:45,15072,13122
21.11.2022,07:00,15486,13570
21.11.2022,07:15,15699,13805
21.11.2022,07:30,15913,14031
21.11.2022,07:45,16157,14254
21.11.2022,08:00,16557,14578
21.11.2022,08:15,16667,14585
21.11.2022,08:30,16799,14587
21.11.2022,08:45,16863,14503
21.11.2022,09:00,16902,14381
21.11.2022,09:15,16872,14178
21.11.2022,09:30,16978,14110
21.11.2022,09:45,17079,14039
21.11.2022,10:00,17203,14009
21.11.2022,10:15,17205,13894
21.11.2022,10:30,17365,13947
21.11.2022,10:45,17424,13915
21.11.2022,11:00,17529,13946
21.11.2022,11:15,17576,13943
21.11.2022,11:30,17586,13915
21.11.2022,11:45,17594,13910
21.11.2022,12:00,17536,13864
21.11.2022,12:15,17509,13867
21.11.2022,12:30,17495,13895
21.11.2022,12:45,17474,13932
21.11.2022,13:00,17420,13953
21.11.2022,13:15,17275,13922
21.11.2022,13:30,17133,13921
21.11.2022,13:45,16990,13946
21.11.2022,14:00,17038,14183
21.11.2022,14:15,17030,14376
21.11.2022,14:30,16914,14476
21.11.2022,14:45,16901,14700
21.11.2022,15:00,16916,14953
21.11.2022,15:15,16789,14994
21.11.2022,15:30,16493,14857
21.11.2022,15:45,16428,14925
21.11.2022,16:00,16386,14949
21.11.2022,16:15,16448,14968
21.11.2022,16:30,16575,15016
21.11.2022,16:45,16652,14981
21.11.2022,17:00,16894,15102
21.11.2022,17:15,17060,15112
21.11.2022,17:30,17130,15029
21.11.2022,17:45,17126,14874
21.11.2022,18:00,17048,14648
21.11.2022,18:15,17017,14456
21.11.2022,18:30,16991,14265
21.11.2022,18:45,16921,14022
21.11.2022,19:00,16795,13718
21.11.2022,19:15,16691,13452
21.11.2022,19:30,16532,13146
21.11.2022,19:45,16352,12823
21.11.2022,20:00,16076,12408
21.11.2022,20:15,15783,11985
21.11.2022,20:30,15568,11631
21.11.2022,20:45,15419,11352
21.11.2022,21:00,15194,10996
21.11.2022,21:15,15094,10769
21.11.2022,21:30,14898,10456
21.11.2022,21:45,14728,10176
21.11.2022,22:00,14549,9937
21.11.2022,22:15,14432,9728
21.11.2022,22:30,14204,9414
21.11.2022,22:45,14021,9151
21.11.2022,23:00,13754,8798
21.11.2022,23:15,13679,8654
21.11.2022,23:30,13602,8514
21.11.2022,23:45,13409,8265
22.11.2022,00:00,12807,-
22.11.2022,00:15,12682,-
22.11.2022,00:30,12588,-
22.11.2022,00:45,12517,-
22.11.2022,01:00,12319,-
22.11.2022,01:15,12276,-
22.11.2022,01:30,12198,-
22.11.2022,01:45,12118,-
22.11.2022,02:00,12147,-
22.11.2022,02:15,12128,-
22.11.2022,02:30,12151,-
22.11.2022,02:45,12186,-
22.11.2022,03:00,12266,-
22.11.2022,03:15,12271,-
22.11.2022,03:30,12317,-
22.11.2022,03:45,12363,-
22.11.2022,04:00,12458,-
22.11.2022,04:15,12523,-
22.11.2022,04:30,12647,-
22.11.2022,04:45,12819,-
22.11.2022,05:00,13225,-
22.11.2022,05:15,13377,-
22.11.2022,05:30,13651,-
22.11.2022,05:45,13949,-
22.11.2022,06:00,14653,-
22.11.2022,06:15,14895,-
22.11.2022,06:30,15242,-
22.11.2022,06:45,15500,-
22.11.2022,07:00,15859,-
22.11.2022,07:15,15919,-
22.11.2022,07:30,16102,-
22.11.2022,07:45,16353,-
22.11.2022,08:00,16729,-
22.11.2022,08:15,16834,-
22.11.2022,08:30,16950,-
22.11.2022,08:45,17013,-
22.11.2022,09:00,17033,-
22.11.2022,09:15,16983,-
22.11.2022,09:30,17109,-
22.11.2022,09:45,17212,-
22.11.2022,10:00,17266,-
22.11.2022,10:15,17283,-
22.11.2022,10:30,17450,-
22.11.2022,10:45,17522,-
22.11.2022,11:00,17629,-
22.11.2022,11:15,17649,-
22.11.2022,11:30,17666,-
22.11.2022,11:45,17678,-
22.11.2022,12:00,17612,-
22.11.2022,12:15,17589,-
22.11.2022,12:30,17551,-
22.11.2022,12:45,17503,-
22.11.2022,13:00,17488,-
22.11.2022,13:15,17349,-
22.11.2022,13:30,17196,-
22.11.2022,13:45,17068,-
22.11.2022,14:00,17101,-
22.11.2022,14:15,17052,-
22.11.2022,14:30,16968,-
22.11.2022,14:45,16860,-
22.11.2022,15:00,16843,-
22.11.2022,15:15,16737,-
22.11.2022,15:30,16423,-
22.11.2022,15:45,16377,-
22.11.2022,16:00,16466,-
22.11.2022,16:15,16511,-
22.11.2022,16:30,16634,-
22.11.2022,16:45,16778,-
22.11.2022,17:00,16962,-
22.11.2022,17:15,17089,-
22.11.2022,17:30,17179,-
22.11.2022,17:45,17179,-
22.11.2022,18:00,17094,-
22.11.2022,18:15,17028,-
22.11.2022,18:30,17011,-
22.11.2022,18:45,16944,-
22.11.2022,19:00,16831,-
22.11.2022,19:15,16716,-
22.11.2022,19:30,16561,-
22.11.2022,19:45,16378,-
22.11.2022,20:00,16111,-
22.11.2022,20:15,15839,-
22.11.2022,20:30,15625,-
22.11.2022,20:45,15463,-
22.11.2022,21:00,15247,-
22.11.2022,21:15,15115,-
22.11.2022,21:30,14919,-
22.11.2022,21:45,14756,-
22.11.2022,22:00,14587,-
22.11.2022,22:15,14453,-
22.11.2022,22:30,14189,-
22.11.2022,22:45,14031,-
22.11.2022,23:00,13754,-
22.11.2022,23:15,13644,-
22.11.2022,23:30,13539,-
22.11.2022,23:45,13360,-
