Datum,Uhrzeit,Gesamt,Residuallast,Pumpspeicher
01.11.2022,00:00,10561,5336,99
01.11.2022,00:15,10479,5197,123
01.11.2022,00:30,10342,5062,261
01.11.2022,00:45,10372,5075,347
01.11.2022,01:00,10280,4966,216
01.11.2022,01:15,10253,4907,288
01.11.2022,01:30,10174,4807,277
01.11.2022,01:45,10144,4752,395
01.11.2022,02:00,10437,5013,675
01.11.2022,02:15,10484,5042,728
01.11.2022,02:30,10374,4936,792
01.11.2022,02:45,10357,4880,832
01.11.2022,03:00,10455,4972,1072
01.11.2022,03:15,10521,5041,1073
01.11.2022,03:30,10544,5044,1063
01.11.2022,03:45,10484,4989,1074
01.11.2022,04:00,10619,5066,1163
01.11.2022,04:15,10697,5142,1166
01.11.2022,04:30,10819,5210,1137
01.11.2022,04:45,10897,5198,1147
01.11.2022,05:00,11078,5272,967
01.11.2022,05:15,11116,5234,1131
01.11.2022,05:30,11163,5203,1170
01.11.2022,05:45,11243,5179,1110
01.11.2022,06:00,11520,5306,935
01.11.2022,06:15,11661,5274,746
01.11.2022,06:30,11779,5325,621
01.11.2022,06:45,11981,5438,512
01.11.2022,07:00,12077,5348,355
01.11.2022,07:15,12161,5272,291
01.11.2022,07:30,12465,5417,307
01.11.2022,07:45,12719,5461,373
01.11.2022,08:00,12811,5312,414
01.11.2022,08:15,13001,5322,360
01.11.2022,08:30,13173,5220,374
01.11.2022,08:45,13296,5086,368
01.11.2022,09:00,13559,5226,194
01.11.2022,09:15,13530,4978,228
01.11.2022,09:30,13740,4929,322
01.11.2022,09:45,13828,4706,518
01.11.2022,10:00,13871,4464,790
01.11.2022,10:15,14119,4446,867
01.11.2022,10:30,14354,4571,1094
01.11.2022,10:45,14431,4482,1052
01.11.2022,11:00,14561,4307,1161
01.11.2022,11:15,14716,4316,1153
01.11.2022,11:30,14836,4353,1296
01.11.2022,11:45,14869,4365,1310
01.11.2022,12:00,14675,4138,1377
01.11.2022,12:15,14558,4016,1413
01.11.2022,12:30,14500,3969,1405
01.11.2022,12:45,14519,4179,1445
01.11.2022,13:00,14456,4471,1466
01.11.2022,13:15,14143,4445,1407
01.11.2022,13:30,13929,4305,1361
01.11.2022,13:45,13790,4433,1336
01.11.2022,14:00,13821,4737,1301
01.11.2022,14:15,13644,4828,1123
01.11.2022,14:30,13504,5072,899
01.11.2022,14:45,13376,5416,576
01.11.2022,15:00,13379,5822,615
01.11.2022,15:15,13277,6231,400
01.11.2022,15:30,13358,6878,334
01.11.2022,15:45,13304,7367,194
01.11.2022,16:00,13324,7776,160
01.11.2022,16:15,13468,8164,92
01.11.2022,16:30,13424,8241,49
01.11.2022,16:45,13456,8268,43
01.11.2022,17:00,13280,7969,18
01.11.2022,17:15,13931,8493,41
01.11.2022,17:30,14218,8657,40
01.11.2022,17:45,14265,8553,57
01.11.2022,18:00,14298,8449,77
01.11.2022,18:15,14206,8265,78
01.11.2022,18:30,14164,8072,82
01.11.2022,18:45,14072,7881,24
01.11.2022,19:00,13978,7634,70
01.11.2022,19:15,13891,7447,3
01.11.2022,19:30,13797,7274,12
01.11.2022,19:45,13729,7059,33
01.11.2022,20:00,13729,7074,25
01.11.2022,20:15,13484,6785,100
01.11.2022,20:30,13286,6516,81
01.11.2022,20:45,13158,6338,87
01.11.2022,21:00,13097,6274,72
01.11.2022,21:15,12865,6005,121
01.11.2022,21:30,12812,5909,232
01.11.2022,21:45,12798,5825,290
01.11.2022,22:00,12711,5855,55
01.11.2022,22:15,12552,5654,53
01.11.2022,22:30,12349,5452,86
01.11.2022,22:45,12223,5268,198
01.11.2022,23:00,12063,5163,454
01.11.2022,23:15,11892,4953,709
01.11.2022,23:30,11681,4701,1006
01.11.2022,23:45,11557,4645,1120
02.11.2022,00:00,11500,4471,944
02.11.2022,00:15,11496,4351,1139
02.11.2022,00:30,11479,4362,1308
02.11.2022,00:45,11412,4454,1335
02.11.2022,01:00,11237,4133,1153
02.11.2022,01:15,11099,3948,1235
02.11.2022,01:30,11038,3861,1302
02.11.2022,01:45,11047,3851,1352
02.11.2022,02:00,10973,3847,1519
02.11.2022,02:15,10888,3738,1555
02.11.2022,02:30,10855,3634,1565
02.11.2022,02:45,10888,3600,1604
02.11.2022,03:00,10885,3519,1567
02.11.2022,03:15,10899,3440,1580
02.11.2022,03:30,11003,3477,1587
02.11.2022,03:45,11055,3519,1596
02.11.2022,04:00,11261,3728,1607
02.11.2022,04:15,11386,3793,1603
02.11.2022,04:30,11489,3777,1615
02.11.2022,04:45,11707,3887,1549
02.11.2022,05:00,12120,4490,1573
02.11.2022,05:15,12383,4636,1449
02.11.2022,05:30,12664,4707,1284
02.11.2022,05:45,13043,4830,1017
02.11.2022,06:00,13892,5529,819
02.11.2022,06:15,14213,5552,609
02.11.2022,06:30,14559,5959,375
02.11.2022,06:45,14764,5990,285
02.11.2022,07:00,15078,6363,89
02.11.2022,07:15,15416,6680,88
02.11.2022,07:30,15552,6597,106
02.11.2022,07:45,15940,6662,61
02.11.2022,08:00,16298,7025,9
02.11.2022,08:15,16411,6977,8
02.11.2022,08:30,16420,6651,10
02.11.2022,08:45,16464,6339,71
02.11.2022,09:00,16313,5988,85
02.11.2022,09:15,16279,5637,105
02.11.2022,09:30,16427,5451,125
02.11.2022,09:45,16885,5397,357
02.11.2022,10:00,16739,5212,473
02.11.2022,10:15,16877,5033,612
02.11.2022,10:30,17048,4911,803
02.11.2022,10:45,17200,4757,981
02.11.2022,11:00,17550,5168,1094
02.11.2022,11:15,17468,5029,1125
02.11.2022,11:30,17561,5015,1102
02.11.2022,11:45,17639,5033,1096
02.11.2022,12:00,17415,4822,951
02.11.2022,12:15,17324,4872,966
02.11.2022,12:30,17291,4977,970
02.11.2022,12:45,17093,4924,888
02.11.2022,13:00,17009,5128,942
02.11.2022,13:15,16775,5104,655
02.11.2022,13:30,16649,5372,471
02.11.2022,13:45,16310,5366,418
02.11.2022,14:00,16268,5714,570
02.11.2022,14:15,16205,6062,396
02.11.2022,14:30,16150,6567,197
02.11.2022,14:45,16125,7057,140
02.11.2022,15:00,16021,7463,199
02.11.2022,15:15,16270,8381,115
02.11.2022,15:30,15933,8735,35
02.11.2022,15:45,15857,9328,34
02.11.2022,16:00,15967,9856,17
02.11.2022,16:15,15955,10287,17
02.11.2022,16:30,15965,10563,16
02.11.2022,16:45,15909,10617,16
02.11.2022,17:00,16158,11006,3
02.11.2022,17:15,16267,11117,61
02.11.2022,17:30,16345,11144,78
02.11.2022,17:45,16281,10977,77
02.11.2022,18:00,16136,10765,65
02.11.2022,18:15,16052,10639,25
02.11.2022,18:30,16045,10590,67
02.11.2022,18:45,16002,10493,32
02.11.2022,19:00,15958,10294,54
02.11.2022,19:15,15838,10138,100
02.11.2022,19:30,15719,9827,122
02.11.2022,19:45,15641,9685,188
02.11.2022,20:00,15450,9403,160
02.11.2022,20:15,15142,9082,210
02.11.2022,20:30,14872,8767,211
02.11.2022,20:45,14659,8520,273
02.11.2022,21:00,14526,8335,167
02.11.2022,21:15,14265,8066,196
02.11.2022,21:30,13985,7792,329
02.11.2022,21:45,13910,7762,407
02.11.2022,22:00,13719,7793,112
02.11.2022,22:15,13605,7669,105
02.11.2022,22:30,13330,7419,149
02.11.2022,22:45,13186,7347,313
02.11.2022,23:00,12761,6859,129
02.11.2022,23:15,12669,6795,319
02.11.2022,23:30,12659,6813,453
02.11.2022,23:45,12400,6549,582
03.11.2022,00:00,12257,6435,321
03.11.2022,00:15,12223,6318,584
03.11.2022,00:30,12115,6142,816
03.11.2022,00:45,12048,6018,917
03.11.2022,01:00,11930,5834,1008
03.11.2022,01:15,11902,5674,1141
03.11.2022,01:30,11935,5648,1275
03.11.2022,01:45,11806,5535,1252
03.11.2022,02:00,11780,5461,1429
03.11.2022,02:15,11746,5286,1476
03.11.2022,02:30,11777,5260,1537
03.11.2022,02:45,11819,5358,1477
03.11.2022,03:00,11855,5235,1472
03.11.2022,03:15,11851,5196,1499
03.11.2022,03:30,11963,5276,1448
03.11.2022,03:45,11951,5238,1467
03.11.2022,04:00,12057,5307,1551
03.11.2022,04:15,12157,5317,1549
03.11.2022,04:30,12302,5499,1493
03.11.2022,04:45,12542,5724,1464
03.11.2022,05:00,12773,5996,1340
03.11.2022,05:15,12850,6033,1226
03.11.2022,05:30,13131,6271,1074
03.11.2022,05:45,13501,6570,861
03.11.2022,06:00,14362,7154,580
03.11.2022,06:15,14558,7372,315
03.11.2022,06:30,14927,7744,168
03.11.2022,06:45,15130,7946,100
03.11.2022,07:00,15395,8206,110
03.11.2022,07:15,15575,8367,118
03.11.2022,07:30,15785,8506,80
03.11.2022,07:45,15980,8452,81
03.11.2022,08:00,16274,8624,36
03.11.2022,08:15,16353,8527,33
03.11.2022,08:30,16338,8292,53
03.11.2022,08:45,16440,8221,108
03.11.2022,09:00,16449,8086,131
03.11.2022,09:15,16506,8049,127
03.11.2022,09:30,16599,7996,185
03.11.2022,09:45,16694,7969,223
03.11.2022,10:00,16390,7513,114
03.11.2022,10:15,16699,7781,177
03.11.2022,10:30,16786,7806,210
03.11.2022,10:45,16916,7892,182
03.11.2022,11:00,17089,8075,160
03.11.2022,11:15,17187,8293,169
03.11.2022,11:30,17264,8434,231
03.11.2022,11:45,17226,8498,205
03.11.2022,12:00,17173,8540,221
03.11.2022,12:15,17224,8780,204
03.11.2022,12:30,17086,8843,91
03.11.2022,12:45,16991,8876,92
03.11.2022,13:00,16949,9135,13
03.11.2022,13:15,16760,9133,15
03.11.2022,13:30,16468,9061,3
03.11.2022,13:45,16434,9298,4
03.11.2022,14:00,16396,9385,4
03.11.2022,14:15,16400,9551,29
03.11.2022,14:30,16344,9717,2
03.11.2022,14:45,16183,9686,3
03.11.2022,15:00,16317,9811,1
03.11.2022,15:15,16192,9748,2
03.11.2022,15:30,16083,9675,3
03.11.2022,15:45,15993,9545,3
03.11.2022,16:00,16034,9521,7
03.11.2022,16:15,16052,9389,64
03.11.2022,16:30,16015,9165,63
03.11.2022,16:45,16181,9124,61
03.11.2022,17:00,16600,9338,10
03.11.2022,17:15,16856,9433,44
03.11.2022,17:30,17049,9525,43
03.11.2022,17:45,17118,9495,42
03.11.2022,18:00,17106,9454,42
03.11.2022,18:15,16918,9161,43
03.11.2022,18:30,16822,9210,45
03.11.2022,18:45,16785,9199,44
03.11.2022,19:00,16630,9019,105
03.11.2022,19:15,16418,8859,44
03.11.2022,19:30,16183,8764,48
03.11.2022,19:45,16166,8896,12
03.11.2022,20:00,15791,8627,30
03.11.2022,20:15,15481,8370,33
03.11.2022,20:30,15283,8292,32
03.11.2022,20:45,15130,8247,109
03.11.2022,21:00,14911,8103,157
03.11.2022,21:15,14654,8002,159
03.11.2022,21:30,14413,7794,259
03.11.2022,21:45,14250,7658,407
03.11.2022,22:00,13941,7609,174
03.11.2022,22:15,13804,7533,161
03.11.2022,22:30,13606,7407,297
03.11.2022,22:45,13362,7158,676
03.11.2022,23:00,13114,6763,919
03.11.2022,23:15,12923,6708,1080
03.11.2022,23:30,12721,6628,1274
03.11.2022,23:45,12421,6332,1330
04.11.2022,00:00,12280,6074,702
04.11.2022,00:15,12090,5865,747
04.11.2022,00:30,12084,5928,868
04.11.2022,00:45,11995,5944,968
04.11.2022,01:00,11906,5945,949
04.11.2022,01:15,11811,5858,1100
04.11.2022,01:30,11688,5771,1130
04.11.2022,01:45,11518,5561,1137
04.11.2022,02:00,11359,5300,1366
04.11.2022,02:15,11314,5189,1530
04.11.2022,02:30,11446,5309,1457
04.11.2022,02:45,11478,5368,1451
04.11.2022,03:00,11562,5417,1575
04.11.2022,03:15,11629,5365,1683
04.11.2022,03:30,11718,5417,1663
04.11.2022,03:45,11763,5440,1676
04.11.2022,04:00,11815,5618,1442
04.11.2022,04:15,11873,5653,1369
04.11.2022,04:30,12085,5773,1253
04.11.2022,04:45,12288,6026,1157
04.11.2022,05:00,12635,6539,1055
04.11.2022,05:15,12787,6799,888
04.11.2022,05:30,13119,7189,768
04.11.2022,05:45,13477,7619,544
04.11.2022,06:00,14218,8322,470
04.11.2022,06:15,14731,8765,279
04.11.2022,06:30,15013,9137,198
04.11.2022,06:45,15331,9738,136
04.11.2022,07:00,15702,10274,72
04.11.2022,07:15,15922,10610,11
04.11.2022,07:30,16005,10840,6
04.11.2022,07:45,16161,11131,6
04.11.2022,08:00,16212,11314,5
04.11.2022,08:15,16304,11494,18
04.11.2022,08:30,16448,11675,16
04.11.2022,08:45,16532,11720,13
04.11.2022,09:00,16617,11723,5
04.11.2022,09:15,16497,11527,3
04.11.2022,09:30,16670,11647,3
04.11.2022,09:45,16725,11631,3
04.11.2022,10:00,16915,11699,5
04.11.2022,10:15,16860,11581,7
04.11.2022,10:30,16949,11625,7
04.11.2022,10:45,16935,11587,7
04.11.2022,11:00,16834,11553,8
04.11.2022,11:15,16476,11250,7
04.11.2022,11:30,16820,11665,7
04.11.2022,11:45,16809,11635,7
04.11.2022,12:00,16573,11417,6
04.11.2022,12:15,16513,11488,6
04.11.2022,12:30,16566,11620,20
04.11.2022,12:45,16440,11700,20
04.11.2022,13:00,16226,11747,7
04.11.2022,13:15,16171,11797,7
04.11.2022,13:30,15978,11684,7
04.11.2022,13:45,15785,11632,23
04.11.2022,14:00,15553,11545,32
04.11.2022,14:15,15559,11815,4
04.11.2022,14:30,15520,12016,3
04.11.2022,14:45,15458,12173,3
04.11.2022,15:00,15510,12420,3
04.11.2022,15:15,15561,12684,3
04.11.2022,15:30,15310,12653,2
04.11.2022,15:45,15343,12925,2
04.11.2022,16:00,15386,13127,1
04.11.2022,16:15,15504,13350,5
04.11.2022,16:30,15383,13312,43
04.11.2022,16:45,15471,13391,43
04.11.2022,17:00,15771,13646,42
04.11.2022,17:15,16005,13898,41
04.11.2022,17:30,16056,13924,42
04.11.2022,17:45,15913,13753,42
04.11.2022,18:00,15863,13554,34
04.11.2022,18:15,15803,13462,16
04.11.2022,18:30,15678,13333,24
04.11.2022,18:45,15575,13109,52
04.11.2022,19:00,15536,13019,34
04.11.2022,19:15,15360,12836,13
04.11.2022,19:30,15200,12653,57
04.11.2022,19:45,15082,12468,73
04.11.2022,20:00,14984,12322,68
04.11.2022,20:15,14781,12116,114
04.11.2022,20:30,14535,11898,119
04.11.2022,20:45,14282,11612,92
04.11.2022,21:00,14167,11426,9
04.11.2022,21:15,13993,11248,13
04.11.2022,21:30,13795,11044,16
04.11.2022,21:45,13478,10670,163
04.11.2022,22:00,13372,10532,142
04.11.2022,22:15,13143,10299,281
04.11.2022,22:30,12991,10162,238
04.11.2022,22:45,12787,9942,368
04.11.2022,23:00,12471,9598,138
04.11.2022,23:15,12350,9445,224
04.11.2022,23:30,12296,9366,421
04.11.2022,23:45,12138,9145,643
05.11.2022,00:00,11680,8648,85
05.11.2022,00:15,11540,8541,57
05.11.2022,00:30,11351,8321,79
05.11.2022,00:45,11325,8264,175
05.11.2022,01:00,11182,8115,187
05.11.2022,01:15,11178,8104,148
05.11.2022,01:30,11163,8107,117
05.11.2022,01:45,11059,8055,97
05.11.2022,02:00,11034,8046,50
05.11.2022,02:15,11093,8064,128
05.11.2022,02:30,11039,7915,150
05.11.2022,02:45,11071,7920,183
05.11.2022,03:00,11127,7944,277
05.11.2022,03:15,11135,7931,301
05.11.2022,03:30,11105,7910,285
05.11.2022,03:45,11191,8019,234
05.11.2022,04:00,11074,7903,398
05.11.2022,04:15,11100,7901,411
05.11.2022,04:30,11199,7962,378
05.11.2022,04:45,11135,8023,333
05.11.2022,05:00,11111,8092,348
05.11.2022,05:15,11184,8161,301
05.11.2022,05:30,11224,8202,250
05.11.2022,05:45,11282,8274,180
05.11.2022,06:00,11273,8191,212
05.11.2022,06:15,11308,8086,179
05.11.2022,06:30,11459,8201,167
05.11.2022,06:45,11625,8353,193
05.11.2022,07:00,11804,8430,306
05.11.2022,07:15,11922,8557,207
05.11.2022,07:30,12172,8738,122
05.11.2022,07:45,12359,8795,108
05.11.2022,08:00,12528,8932,45
05.11.2022,08:15,12757,9102,25
05.11.2022,08:30,12948,9086,12
05.11.2022,08:45,13085,9010,2
05.11.2022,09:00,13248,9014,2
05.11.2022,09:15,13299,8850,3
05.11.2022,09:30,13378,8726,4
05.11.2022,09:45,13481,8670,6
05.11.2022,10:00,13644,8618,14
05.11.2022,10:15,13541,8450,51
05.11.2022,10:30,13618,8381,47
05.11.2022,10:45,13624,8134,84
05.11.2022,11:00,13665,8024,51
05.11.2022,11:15,13853,8048,49
05.11.2022,11:30,13931,7890,67
05.11.2022,11:45,14054,7834,131
05.11.2022,12:00,14087,7847,139
05.11.2022,12:15,14050,7816,129
05.11.2022,12:30,13957,7696,132
05.11.2022,12:45,13990,7604,167
05.11.2022,13:00,13839,7582,213
05.11.2022,13:15,13714,7667,147
05.11.2022,13:30,13642,7627,41
05.11.2022,13:45,13512,7666,41
05.11.2022,14:00,13476,7951,377
05.11.2022,14:15,13375,8099,374
05.11.2022,14:30,13298,8299,354
05.11.2022,14:45,13349,8587,288
05.11.2022,15:00,13340,8844,211
05.11.2022,15:15,13266,9104,33
05.11.2022,15:30,13176,9374,18
05.11.2022,15:45,13104,9562,51
05.11.2022,16:00,13038,9643,76
05.11.2022,16:15,12985,9672,20
05.11.2022,16:30,13060,9717,36
05.11.2022,16:45,13279,9775,28
05.11.2022,17:00,13620,9830,42
05.11.2022,17:15,13926,9910,154
05.11.2022,17:30,14046,9784,102
05.11.2022,17:45,14093,9646,115
05.11.2022,18:00,14170,9531,49
05.11.2022,18:15,14138,9293,86
05.11.2022,18:30,14080,9122,111
05.11.2022,18:45,13966,8856,129
05.11.2022,19:00,13916,8702,73
05.11.2022,19:15,13722,8393,92
05.11.2022,19:30,13651,8224,116
05.11.2022,19:45,13520,8023,131
05.11.2022,20:00,13300,7667,141
05.11.2022,20:15,13063,7327,115
05.11.2022,20:30,12891,7122,88
05.11.2022,20:45,12749,6964,135
05.11.2022,21:00,12562,6744,142
05.11.2022,21:15,12472,6608,133
05.11.2022,21:30,12338,6423,161
05.11.2022,21:45,12166,6256,199
05.11.2022,22:00,12106,6205,144
05.11.2022,22:15,12066,6108,144
05.11.2022,22:30,11928,5902,145
05.11.2022,22:45,11754,5677,267
05.11.2022,23:00,11607,5537,332
05.11.2022,23:15,11434,5370,454
05.11.2022,23:30,11363,5267,591
05.11.2022,23:45,11338,5256,752
06.11.2022,00:00,11169,5173,185
06.11.2022,00:15,10887,4818,416
06.11.2022,00:30,10709,4577,590
06.11.2022,00:45,10646,4495,794
06.11.2022,01:00,10612,4484,962
06.11.2022,01:15,10516,4288,1232
06.11.2022,01:30,10392,4152,1373
06.11.2022,01:45,10388,4236,1407
06.11.2022,02:00,10130,3809,1350
06.11.2022,02:15,10215,3902,1410
06.11.2022,02:30,10284,3902,1343
06.11.2022,02:45,10310,3899,1363
06.11.2022,03:00,10217,3947,1450
06.11.2022,03:15,10205,3976,1475
06.11.2022,03:30,10325,4120,1466
06.11.2022,03:45,10298,4084,1499
06.11.2022,04:00,10211,4004,1288
06.11.2022,04:15,10181,3942,1288
06.11.2022,04:30,10264,4014,1257
06.11.2022,04:45,10318,4118,1230
06.11.2022,05:00,10519,4384,1466
06.11.2022,05:15,10413,4183,1560
06.11.2022,05:30,10419,4209,1588
06.11.2022,05:45,10411,4240,1538
06.11.2022,06:00,10274,3941,1228
06.11.2022,06:15,10485,4183,1112
06.11.2022,06:30,10497,4262,953
06.11.2022,06:45,10581,4417,787
06.11.2022,07:00,10644,4512,983
06.11.2022,07:15,10706,4554,863
06.11.2022,07:30,10863,4623,758
06.11.2022,07:45,11005,4634,747
06.11.2022,08:00,11164,4653,470
06.11.2022,08:15,11345,4656,473
06.11.2022,08:30,11581,4711,559
06.11.2022,08:45,11826,4614,686
06.11.2022,09:00,12026,4453,512
06.11.2022,09:15,12218,4361,492
06.11.2022,09:30,12379,4314,474
06.11.2022,09:45,12493,4176,538
06.11.2022,10:00,12705,4243,893
06.11.2022,10:15,12887,4256,945
06.11.2022,10:30,13115,4421,1006
06.11.2022,10:45,13211,4418,1038
06.11.2022,11:00,13518,4496,847
06.11.2022,11:15,13704,4655,661
06.11.2022,11:30,13825,4683,712
06.11.2022,11:45,13729,4540,698
06.11.2022,12:00,13498,4268,513
06.11.2022,12:15,13467,4209,508
06.11.2022,12:30,13323,4088,524
06.11.2022,12:45,13249,4126,624
06.11.2022,13:00,13293,4352,1074
06.11.2022,13:15,13072,4365,1115
06.11.2022,13:30,12855,4365,1070
06.11.2022,13:45,12688,4416,861
06.11.2022,14:00,12663,4699,630
06.11.2022,14:15,12591,4964,425
06.11.2022,14:30,12484,5213,201
06.11.2022,14:45,12549,5620,139
06.11.2022,15:00,12561,5968,88
06.11.2022,15:15,12569,6315,87
06.11.2022,15:30,12532,6503,124
06.11.2022,15:45,12609,6761,122
06.11.2022,16:00,12564,6767,13
06.11.2022,16:15,12533,6618,36
06.11.2022,16:30,12709,6569,45
06.11.2022,16:45,12845,6442,45
06.11.2022,17:00,13301,6648,23
06.11.2022,17:15,13620,6717,41
06.11.2022,17:30,13816,6595,41
06.11.2022,17:45,13875,6433,41
06.11.2022,18:00,13979,6322,61
06.11.2022,18:15,13951,6205,79
06.11.2022,18:30,13867,5989,59
06.11.2022,18:45,13808,5889,41
06.11.2022,19:00,13724,5843,42
06.11.2022,19:15,13645,5745,61
06.11.2022,19:30,13415,5457,101
06.11.2022,19:45,13160,5134,109
06.11.2022,20:00,13172,5136,319
06.11.2022,20:15,12865,4782,391
06.11.2022,20:30,12790,4585,381
06.11.2022,20:45,12852,4560,485
06.11.2022,21:00,12566,4213,683
06.11.2022,21:15,12576,4109,613
06.11.2022,21:30,12697,4113,825
06.11.2022,21:45,12760,4118,951
06.11.2022,22:00,12767,4338,610
06.11.2022,22:15,12664,4261,809
06.11.2022,22:30,12476,4021,995
06.11.2022,22:45,12337,3915,1127
06.11.2022,23:00,12175,3892,940
06.11.2022,23:15,12141,3877,971
06.11.2022,23:30,12004,3774,1161
06.11.2022,23:45,11826,3656,1271
07.11.2022,00:00,11503,3733,1554
07.11.2022,00:15,11155,3466,1607
07.11.2022,00:30,10901,3250,1715
07.11.2022,00:45,10852,3330,1704
07.11.2022,01:00,10738,3133,1601
07.11.2022,01:15,10662,3136,1666
07.11.2022,01:30,10569,3176,1680
07.11.2022,01:45,10510,3172,1699
07.11.2022,02:00,10452,3253,1571
07.11.2022,02:15,10327,3079,1630
07.11.2022,02:30,10428,3074,1641
07.11.2022,02:45,10494,3213,1653
07.11.2022,03:00,10460,3172,1685
07.11.2022,03:15,10498,3162,1714
07.11.2022,03:30,10559,3082,1708
07.11.2022,03:45,10719,3234,1675
07.11.2022,04:00,10877,3375,1660
07.11.2022,04:15,10864,3244,1706
07.11.2022,04:30,11053,3289,1677
07.11.2022,04:45,11339,3472,1561
07.11.2022,05:00,11908,3824,1546
07.11.2022,05:15,12273,3969,1520
07.11.2022,05:30,12667,4336,1107
07.11.2022,05:45,13033,4711,743
07.11.2022,06:00,13891,5250,793
07.11.2022,06:15,14393,5720,508
07.11.2022,06:30,14834,6202,211
07.11.2022,06:45,15154,6541,200
07.11.2022,07:00,15481,7041,56
07.11.2022,07:15,15650,7235,32
07.11.2022,07:30,15876,7349,32
07.11.2022,07:45,16077,7414,28
07.11.2022,08:00,16220,7502,10
07.11.2022,08:15,16422,7617,7
07.11.2022,08:30,16518,7555,20
07.11.2022,08:45,16593,7395,36
07.11.2022,09:00,16562,7060,75
07.11.2022,09:15,16663,6844,165
07.11.2022,09:30,16855,6811,400
07.11.2022,09:45,16367,6034,498
07.11.2022,10:00,16059,5517,423
07.11.2022,10:15,16848,6121,538
07.11.2022,10:30,17086,6262,611
07.11.2022,10:45,17166,6187,669
07.11.2022,11:00,17521,6485,715
07.11.2022,11:15,17583,6499,689
07.11.2022,11:30,17538,6462,668
07.11.2022,11:45,17687,6692,577
07.11.2022,12:00,17543,6686,473
07.11.2022,12:15,17460,6823,307
07.11.2022,12:30,17402,7041,216
07.11.2022,12:45,17362,7234,121
07.11.2022,13:00,17331,7552,78
07.11.2022,13:15,17282,7812,67
07.11.2022,13:30,16979,7813,5
07.11.2022,13:45,16849,8089,4
07.11.2022,14:00,16588,8162,20
07.11.2022,14:15,16509,8428,6
07.11.2022,14:30,16396,8712,4
07.11.2022,14:45,16274,8933,1
07.11.2022,15:00,16254,9097,1
07.11.2022,15:15,16177,9290,1
07.11.2022,15:30,16364,9798,1
07.11.2022,15:45,16186,9880,39
07.11.2022,16:00,16184,9914,4
07.11.2022,16:15,15160,8979,6
07.11.2022,16:30,16065,9875,37
07.11.2022,16:45,16276,10111,41
07.11.2022,17:00,16439,10218,6
07.11.2022,17:15,16683,10405,39
07.11.2022,17:30,16816,10412,28
07.11.2022,17:45,16852,10312,17
07.11.2022,18:00,16943,10296,6
07.11.2022,18:15,16667,9954,5
07.11.2022,18:30,16571,9794,11
07.11.2022,18:45,16541,9696,26
07.11.2022,19:00,16594,9743,14
07.11.2022,19:15,16425,9564,12
07.11.2022,19:30,16197,9313,70
07.11.2022,19:45,16044,9089,99
07.11.2022,20:00,15946,8960,38
07.11.2022,20:15,15650,8645,75
07.11.2022,20:30,15362,8307,111
07.11.2022,20:45,15200,8171,182
07.11.2022,21:00,15116,8138,30
07.11.2022,21:15,14856,7934,71
07.11.2022,21:30,14588,7705,308
07.11.2022,21:45,14336,7516,536
07.11.2022,22:00,14220,7501,139
07.11.2022,22:15,13925,7217,137
07.11.2022,22:30,13710,7087,244
07.11.2022,22:45,13452,6926,225
07.11.2022,23:00,13237,6691,421
07.11.2022,23:15,13138,6631,555
07.11.2022,23:30,12968,6517,699
07.11.2022,23:45,12771,6369,831
08.11.2022,00:00,12632,6180,877
08.11.2022,00:15,12590,6166,853
08.11.2022,00:30,12358,6038,966
08.11.2022,00:45,12100,5860,1146
08.11.2022,01:00,12012,5685,1255
08.11.2022,01:15,12011,5655,1228
08.11.2022,01:30,11957,5654,1244
08.11.2022,01:45,11911,5658,1330
08.11.2022,02:00,11782,5550,1431
08.11.2022,02:15,11817,5579,1464
08.11.2022,02:30,11852,5595,1446
08.11.2022,02:45,11863,5637,1425
08.11.2022,03:00,11963,6108,1329
08.11.2022,03:15,12021,6224,1334
08.11.2022,03:30,11982,6194,1304
08.11.2022,03:45,12014,6202,1297
08.11.2022,04:00,12144,6343,1588
08.11.2022,04:15,12210,6388,1592
08.11.2022,04:30,12371,6532,1529
08.11.2022,04:45,12575,6707,1519
08.11.2022,05:00,12808,6796,1400
08.11.2022,05:15,12962,6851,1231
08.11.2022,05:30,13289,7083,877
08.11.2022,05:45,13552,7252,693
08.11.2022,06:00,13909,7563,455
08.11.2022,06:15,14355,7879,124
08.11.2022,06:30,14855,8350,69
08.11.2022,06:45,15363,8739,45
08.11.2022,07:00,15837,9062,25
08.11.2022,07:15,16025,9121,28
08.11.2022,07:30,16157,9043,28
08.11.2022,07:45,16239,8797,14
08.11.2022,08:00,16490,8681,8
08.11.2022,08:15,16832,8867,29
08.11.2022,08:30,16662,8352,14
08.11.2022,08:45,16613,7910,19
08.11.2022,09:00,16484,7486,59
08.11.2022,09:15,16505,7248,62
08.11.2022,09:30,16528,7026,74
08.11.2022,09:45,16475,6762,191
08.11.2022,10:00,16516,6709,278
08.11.2022,10:15,16443,6529,276
08.11.2022,10:30,16612,6511,292
08.11.2022,10:45,16730,6445,358
08.11.2022,11:00,16771,6304,521
08.11.2022,11:15,16800,6246,551
08.11.2022,11:30,17070,6457,575
08.11.2022,11:45,17231,6582,613
08.11.2022,12:00,17188,6488,728
08.11.2022,12:15,17068,6444,691
08.11.2022,12:30,17076,6538,638
08.11.2022,12:45,16963,6569,528
08.11.2022,13:00,16965,6628,500
08.11.2022,13:15,16911,6686,350
08.11.2022,13:30,16758,6750,234
08.11.2022,13:45,16611,6875,225
08.11.2022,14:00,16583,7228,341
08.11.2022,14:15,16510,7465,173
08.11.2022,14:30,16454,7747,70
08.11.2022,14:45,16197,7766,47
08.11.2022,15:00,16334,8279,8
08.11.2022,15:15,16225,8393,37
08.11.2022,15:30,15708,8139,43
08.11.2022,15:45,15889,8494,43
08.11.2022,16:00,16030,8689,19
08.11.2022,16:15,16080,8725,43
08.11.2022,16:30,16088,8624,42
08.11.2022,16:45,16296,8698,42
08.11.2022,17:00,16788,9196,33
08.11.2022,17:15,16891,9147,41
08.11.2022,17:30,17041,9271,4
08.11.2022,17:45,17053,9261,31
08.11.2022,18:00,16886,9116,59
08.11.2022,18:15,16729,8925,71
08.11.2022,18:30,16653,8822,55
08.11.2022,18:45,16627,8775,26
08.11.2022,19:00,16541,8746,41
08.11.2022,19:15,16436,8625,37
08.11.2022,19:30,16355,8515,10
08.11.2022,19:45,16123,8291,17
08.11.2022,20:00,15882,8106,35
08.11.2022,20:15,15558,7761,21
08.11.2022,20:30,15309,7498,82
08.11.2022,20:45,15110,7309,226
08.11.2022,21:00,14873,7063,106
08.11.2022,21:15,14705,6930,207
08.11.2022,21:30,14565,6832,432
08.11.2022,21:45,14386,6690,649
08.11.2022,22:00,14205,6690,459
08.11.2022,22:15,14107,6620,482
08.11.2022,22:30,13899,6474,543
08.11.2022,22:45,13649,6266,657
08.11.2022,23:00,13314,6062,642
08.11.2022,23:15,13150,5891,680
08.11.2022,23:30,13011,5773,740
08.11.2022,23:45,12821,5670,850
09.11.2022,00:00,12596,5429,1530
09.11.2022,00:15,12468,5333,1565
09.11.2022,00:30,12390,5297,1589
09.11.2022,00:45,12310,5220,1569
09.11.2022,01:00,12265,5047,1445
09.11.2022,01:15,12127,4890,1479
09.11.2022,01:30,12011,4814,1516
09.11.2022,01:45,11868,4710,1553
09.11.2022,02:00,11782,4637,1646
09.11.2022,02:15,11767,4637,1654
09.11.2022,02:30,11810,4713,1598
09.11.2022,02:45,11851,4801,1589
09.11.2022,03:00,11828,4790,1615
09.11.2022,03:15,11925,4894,1618
09.11.2022,03:30,12013,4988,1593
09.11.2022,03:45,11986,4901,1623
09.11.2022,04:00,12055,5082,1667
09.11.2022,04:15,12180,5251,1612
09.11.2022,04:30,12430,5580,1384
09.11.2022,04:45,12495,5610,1268
09.11.2022,05:00,12647,5361,1332
09.11.2022,05:15,12900,5626,1304
09.11.2022,05:30,13340,6005,1196
09.11.2022,05:45,13683,6267,1078
09.11.2022,06:00,14440,6965,923
09.11.2022,06:15,14920,7413,597
09.11.2022,06:30,15189,7651,403
09.11.2022,06:45,15527,7949,178
09.11.2022,07:00,16010,8412,249
09.11.2022,07:15,16058,8560,91
09.11.2022,07:30,16174,8800,31
09.11.2022,07:45,16263,8895,18
09.11.2022,08:00,16540,9085,11
09.11.2022,08:15,16828,9374,5
09.11.2022,08:30,17815,10287,6
09.11.2022,08:45,16890,9150,6
09.11.2022,09:00,16866,9048,3
09.11.2022,09:15,16865,8846,3
09.11.2022,09:30,16428,8261,10
09.11.2022,09:45,16584,8194,80
09.11.2022,10:00,16884,8339,44
09.11.2022,10:15,16885,8031,106
09.11.2022,10:30,16946,7835,200
09.11.2022,10:45,17263,7953,189
09.11.2022,11:00,17066,7383,331
09.11.2022,11:15,16955,7196,368
09.11.2022,11:30,17026,7306,365
09.11.2022,11:45,16956,7170,446
09.11.2022,12:00,17087,7053,851
09.11.2022,12:15,17075,7040,1035
09.11.2022,12:30,17153,7223,884
09.11.2022,12:45,17080,7248,860
09.11.2022,13:00,17098,7545,716
09.11.2022,13:15,16993,7651,705
09.11.2022,13:30,16907,7864,629
09.11.2022,13:45,16677,7992,564
09.11.2022,14:00,16675,8258,425
09.11.2022,14:15,16533,8378,259
09.11.2022,14:30,16264,8576,52
09.11.2022,14:45,16208,8874,17
09.11.2022,15:00,16099,8994,20
09.11.2022,15:15,16084,9282,10
09.11.2022,15:30,16006,9498,5
09.11.2022,15:45,16026,9698,13
09.11.2022,16:00,16052,9677,27
09.11.2022,16:15,16086,9615,63
09.11.2022,16:30,16340,9871,29
09.11.2022,16:45,16560,10137,31
09.11.2022,17:00,16766,10201,40
09.11.2022,17:15,16811,10193,18
09.11.2022,17:30,16965,10393,17
09.11.2022,17:45,16798,10211,17
09.11.2022,18:00,16661,9969,22
09.11.2022,18:15,16547,9696,23
09.11.2022,18:30,16586,9521,62
09.11.2022,18:45,16462,9381,41
09.11.2022,19:00,16461,9315,34
09.11.2022,19:15,16179,8802,78
09.11.2022,19:30,16039,8581,130
09.11.2022,19:45,15942,8428,50
09.11.2022,20:00,15796,8331,55
09.11.2022,20:15,15492,8066,57
09.11.2022,20:30,15297,7882,126
09.11.2022,20:45,15157,7755,147
09.11.2022,21:00,14999,7578,111
09.11.2022,21:15,14965,7447,90
09.11.2022,21:30,14573,7117,205
09.11.2022,21:45,14281,6925,411
09.11.2022,22:00,14101,7072,175
09.11.2022,22:15,13752,6751,239
09.11.2022,22:30,13451,6401,330
09.11.2022,22:45,13344,6412,434
09.11.2022,23:00,13288,6491,564
09.11.2022,23:15,13048,6438,626
09.11.2022,23:30,12842,6174,672
09.11.2022,23:45,12791,6255,835
10.11.2022,00:00,12685,6084,855
10.11.2022,00:15,12498,5887,941
10.11.2022,00:30,12349,5806,1167
10.11.2022,00:45,12272,5910,1153
10.11.2022,01:00,12094,5707,1349
10.11.2022,01:15,11995,5636,1452
10.11.2022,01:30,11928,5643,1485
10.11.2022,01:45,11841,5626,1461
10.11.2022,02:00,11775,5612,1493
10.11.2022,02:15,11812,5702,1478
10.11.2022,02:30,11856,5873,1415
10.11.2022,02:45,11867,5880,1422
10.11.2022,03:00,11883,5830,1503
10.11.2022,03:15,11964,5924,1515
10.11.2022,03:30,12016,5981,1491
10.11.2022,03:45,11936,5835,1631
10.11.2022,04:00,12148,6163,1684
10.11.2022,04:15,12182,6133,1639
10.11.2022,04:30,12319,6252,1569
10.11.2022,04:45,12334,6225,1529
10.11.2022,05:00,12693,6617,1487
10.11.2022,05:15,12903,6901,1301
10.11.2022,05:30,13062,6924,1170
10.11.2022,05:45,13382,7097,1116
10.11.2022,06:00,14181,7949,768
10.11.2022,06:15,14543,8298,377
10.11.2022,06:30,14817,8645,62
10.11.2022,06:45,15093,8824,54
10.11.2022,07:00,15638,9414,63
10.11.2022,07:15,15890,9668,82
10.11.2022,07:30,16059,9872,103
10.11.2022,07:45,16067,9833,100
10.11.2022,08:00,16282,9990,68
10.11.2022,08:15,16357,9879,56
10.11.2022,08:30,16486,9795,71
10.11.2022,08:45,16408,9545,54
10.11.2022,09:00,16341,9273,54
10.11.2022,09:15,16399,8985,33
10.11.2022,09:30,16434,8685,56
10.11.2022,09:45,16582,8535,84
10.11.2022,10:00,16561,8147,100
10.11.2022,10:15,16733,8030,270
10.11.2022,10:30,17091,8226,373
10.11.2022,10:45,17240,8103,481
10.11.2022,11:00,17028,7537,342
10.11.2022,11:15,17116,7370,537
10.11.2022,11:30,17264,7353,674
10.11.2022,11:45,17267,7247,753
10.11.2022,12:00,17204,7068,817
10.11.2022,12:15,17218,7062,982
10.11.2022,12:30,17177,6912,1033
10.11.2022,12:45,17325,7134,1036
10.11.2022,13:00,17274,7253,878
10.11.2022,13:15,16993,7121,843
10.11.2022,13:30,16907,7177,757
10.11.2022,13:45,16750,7238,775
10.11.2022,14:00,16721,7677,726
10.11.2022,14:15,16560,7769,591
10.11.2022,14:30,16370,7829,363
10.11.2022,14:45,16221,8122,251
10.11.2022,15:00,16273,8656,277
10.11.2022,15:15,16055,8953,52
10.11.2022,15:30,15997,9400,55
10.11.2022,15:45,15820,9605,63
10.11.2022,16:00,15916,9892,85
10.11.2022,16:15,15979,10078,83
10.11.2022,16:30,16051,10169,104
10.11.2022,16:45,16230,10204,90
10.11.2022,17:00,16452,10276,81
10.11.2022,17:15,16638,10336,66
10.11.2022,17:30,16751,10314,44
10.11.2022,17:45,15956,9299,41
10.11.2022,18:00,16583,9769,40
10.11.2022,18:15,16569,9560,40
10.11.2022,18:30,16498,9324,41
10.11.2022,18:45,16476,9214,57
10.11.2022,19:00,16352,9035,93
10.11.2022,19:15,16220,8895,120
10.11.2022,19:30,16134,8799,154
10.11.2022,19:45,16073,8760,86
10.11.2022,20:00,15812,8533,82
10.11.2022,20:15,15604,8363,62
10.11.2022,20:30,15314,8120,36
10.11.2022,20:45,15158,8014,100
10.11.2022,21:00,14974,7848,28
10.11.2022,21:15,14674,7544,56
10.11.2022,21:30,14284,7241,70
10.11.2022,21:45,14241,7232,228
10.11.2022,22:00,14016,7109,11
10.11.2022,22:15,13877,7112,7
10.11.2022,22:30,13508,6791,133
10.11.2022,22:45,13368,6661,260
10.11.2022,23:00,13119,6429,213
10.11.2022,23:15,12990,6322,313
10.11.2022,23:30,12929,6261,412
10.11.2022,23:45,12814,6093,680
11.11.2022,00:00,12674,5921,1131
11.11.2022,00:15,12463,5697,1222
11.11.2022,00:30,12391,5691,1217
11.11.2022,00:45,12195,5541,1353
11.11.2022,01:00,12154,5706,1616
11.11.2022,01:15,12070,5683,1630
11.11.2022,01:30,11988,5635,1674
11.11.2022,01:45,11939,5577,1718
11.11.2022,02:00,11912,5566,1860
11.11.2022,02:15,11790,5485,1889
11.11.2022,02:30,11862,5580,1852
11.11.2022,02:45,11899,5620,1805
11.11.2022,03:00,11834,5574,1810
11.11.2022,03:15,11923,5730,1791
11.11.2022,03:30,12003,5848,1773
11.11.2022,03:45,11979,5852,1782
11.11.2022,04:00,12041,5918,1440
11.11.2022,04:15,12161,6066,1504
11.11.2022,04:30,12304,6235,1241
11.11.2022,04:45,12520,6487,1174
11.11.2022,05:00,12839,6905,1037
11.11.2022,05:15,13004,7045,891
11.11.2022,05:30,13282,7284,715
11.11.2022,05:45,13519,7379,540
11.11.2022,06:00,14320,8291,732
11.11.2022,06:15,14453,8394,396
11.11.2022,06:30,14889,8819,97
11.11.2022,06:45,15160,9045,51
11.11.2022,07:00,15549,9379,35
11.11.2022,07:15,15752,9592,3
11.11.2022,07:30,15951,9711,28
11.11.2022,07:45,16003,9633,29
11.11.2022,08:00,16194,9748,40
11.11.2022,08:15,16335,9723,3
11.11.2022,08:30,16441,9678,28
11.11.2022,08:45,16470,9535,5
11.11.2022,09:00,16391,9300,41
11.11.2022,09:15,16720,9463,37
11.11.2022,09:30,16593,9186,89
11.11.2022,09:45,16728,9248,189
11.11.2022,10:00,16815,9009,129
11.11.2022,10:15,16868,8970,217
11.11.2022,10:30,16829,8835,231
11.11.2022,10:45,16865,8837,211
11.11.2022,11:00,16810,8652,55
11.11.2022,11:15,16717,8482,100
11.11.2022,11:30,16829,8574,102
11.11.2022,11:45,16812,8538,58
11.11.2022,12:00,16700,8404,248
11.11.2022,12:15,16654,8416,267
11.11.2022,12:30,16721,8579,218
11.11.2022,12:45,16621,8627,208
11.11.2022,13:00,16536,8743,77
11.11.2022,13:15,16261,8602,52
11.11.2022,13:30,16162,8686,46
11.11.2022,13:45,16077,8892,23
11.11.2022,14:00,15796,8901,8
11.11.2022,14:15,15800,9210,5
11.11.2022,14:30,15740,9462,2
11.11.2022,14:45,15662,9711,7
11.11.2022,15:00,15581,10003,10
11.11.2022,15:15,15609,10386,1
11.11.2022,15:30,14606,9728,24
11.11.2022,15:45,15259,10639,40
11.11.2022,16:00,15372,10873,5
11.11.2022,16:15,15339,10843,40
11.11.2022,16:30,15456,10935,41
11.11.2022,16:45,15600,11020,41
11.11.2022,17:00,15961,11178,40
11.11.2022,17:15,16180,11319,40
11.11.2022,17:30,16188,11271,40
11.11.2022,17:45,16109,11132,40
11.11.2022,18:00,16075,11007,41
11.11.2022,18:15,16000,10900,41
11.11.2022,18:30,15928,10789,33
11.11.2022,18:45,15868,10796,32
11.11.2022,19:00,15743,10736,39
11.11.2022,19:15,15523,10531,15
11.11.2022,19:30,15389,10378,5
11.11.2022,19:45,15239,10259,13
11.11.2022,20:00,14939,9985,46
11.11.2022,20:15,14640,9687,40
11.11.2022,20:30,14279,9371,41
11.11.2022,20:45,14033,9174,155
11.11.2022,21:00,13932,9131,51
11.11.2022,21:15,13773,9054,38
11.11.2022,21:30,13588,8968,155
11.11.2022,21:45,13446,8888,278
11.11.2022,22:00,13204,8683,117
11.11.2022,22:15,13052,8597,123
11.11.2022,22:30,12804,8478,124
11.11.2022,22:45,12545,8327,219
11.11.2022,23:00,12345,8111,172
11.11.2022,23:15,12225,8083,230
11.11.2022,23:30,12098,8025,317
11.11.2022,23:45,12033,8044,430
12.11.2022,00:00,11812,7918,190
12.11.2022,00:15,11659,7840,223
12.11.2022,00:30,11619,7865,392
12.11.2022,00:45,11554,7925,525
12.11.2022,01:00,11534,8078,707
12.11.2022,01:15,11419,8076,756
12.11.2022,01:30,11362,8095,943
12.11.2022,01:45,11368,8220,1026
12.11.2022,02:00,11154,8123,1010
12.11.2022,02:15,11110,8163,1002
12.11.2022,02:30,11030,8187,977
12.11.2022,02:45,10940,8218,963
12.11.2022,03:00,10984,8426,1047
12.11.2022,03:15,10916,8510,958
12.11.2022,03:30,10837,8529,885
12.11.2022,03:45,10818,8619,846
12.11.2022,04:00,10893,8814,794
12.11.2022,04:15,10908,8987,697
12.11.2022,04:30,10869,9062,657
12.11.2022,04:45,10820,9128,592
12.11.2022,05:00,10843,9258,455
12.11.2022,05:15,10851,9339,407
12.11.2022,05:30,10879,9432,250
12.11.2022,05:45,10993,9614,239
12.11.2022,06:00,10981,9684,174
12.11.2022,06:15,11051,9790,8
12.11.2022,06:30,11207,9983,15
12.11.2022,06:45,11253,10093,5
12.11.2022,07:00,11472,10372,4
12.11.2022,07:15,11601,10524,24
12.11.2022,07:30,11726,10664,41
12.11.2022,07:45,11838,10696,38
12.11.2022,08:00,12157,10868,5
12.11.2022,08:15,12396,10893,3
12.11.2022,08:30,12566,10804,3
12.11.2022,08:45,12603,10587,3
12.11.2022,09:00,12867,10569,3
12.11.2022,09:15,12953,10368,2
12.11.2022,09:30,13052,10221,2
12.11.2022,09:45,13204,10143,3
12.11.2022,10:00,13468,10190,10
12.11.2022,10:15,13509,10042,13
12.11.2022,10:30,13733,10154,85
12.11.2022,10:45,13847,10200,212
12.11.2022,11:00,13687,9948,110
12.11.2022,11:15,13836,10054,122
12.11.2022,11:30,13811,10000,214
12.11.2022,11:45,13753,9931,249
12.11.2022,12:00,13723,9927,378
12.11.2022,12:15,13606,9891,414
12.11.2022,12:30,13474,9826,423
12.11.2022,12:45,13356,9801,438
12.11.2022,13:00,13267,9846,453
12.11.2022,13:15,13171,9927,481
12.11.2022,13:30,13060,9993,471
12.11.2022,13:45,12962,10139,439
12.11.2022,14:00,13070,10508,549
12.11.2022,14:15,12973,10681,367
12.11.2022,14:30,12924,10905,127
12.11.2022,14:45,12754,11035,96
12.11.2022,15:00,12854,11425,175
12.11.2022,15:15,12746,11575,34
12.11.2022,15:30,12693,11766,26
12.11.2022,15:45,12666,11952,61
12.11.2022,16:00,12965,12396,262
12.11.2022,16:15,12987,12496,125
12.11.2022,16:30,13213,12723,3
12.11.2022,16:45,13459,12920,6
12.11.2022,17:00,13713,13096,42
12.11.2022,17:15,13886,13190,41
12.11.2022,17:30,14004,13222,42
12.11.2022,17:45,14043,13173,41
12.11.2022,18:00,14084,13126,41
12.11.2022,18:15,13980,12929,64
12.11.2022,18:30,13878,12752,74
12.11.2022,18:45,13779,12566,74
12.11.2022,19:00,13582,12321,35
12.11.2022,19:15,13417,12096,21
12.11.2022,19:30,13322,11935,35
12.11.2022,19:45,13242,11826,50
12.11.2022,20:00,13049,11608,34
12.11.2022,20:15,12842,11373,30
12.11.2022,20:30,12620,11105,11
12.11.2022,20:45,12469,10927,58
12.11.2022,21:00,12392,10834,47
12.11.2022,21:15,12283,10716,62
12.11.2022,21:30,12157,10564,119
12.11.2022,21:45,12035,10401,132
12.11.2022,22:00,12031,10377,95
12.11.2022,22:15,11919,10282,68
12.11.2022,22:30,11743,10117,62
12.11.2022,22:45,11597,9965,120
12.11.2022,23:00,11237,9623,11
12.11.2022,23:15,11055,9440,33
12.11.2022,23:30,10974,9359,130
12.11.2022,23:45,10783,9173,222
13.11.2022,00:00,10682,9050,268
13.11.2022,00:15,10562,8932,187
13.11.2022,00:30,10469,8818,161
13.11.2022,00:45,10303,8654,228
13.11.2022,01:00,10198,8533,174
13.11.2022,01:15,10122,8441,167
13.11.2022,01:30,10036,8313,211
13.11.2022,01:45,10034,8265,341
13.11.2022,02:00,10021,8241,405
13.11.2022,02:15,9875,8088,426
13.11.2022,02:30,9853,8042,449
13.11.2022,02:45,9843,7997,518
13.11.2022,03:00,9917,8016,742
13.11.2022,03:15,9995,8057,809
13.11.2022,03:30,10001,8017,850
13.11.2022,03:45,10008,7975,962
13.11.2022,04:00,10108,8059,964
13.11.2022,04:15,10048,7992,974
13.11.2022,04:30,10108,8017,1003
13.11.2022,04:45,10123,7973,974
13.11.2022,05:00,10123,7943,924
13.11.2022,05:15,10152,7942,967
13.11.2022,05:30,10166,7949,936
13.11.2022,05:45,10203,7967,919
13.11.2022,06:00,10052,7786,551
13.11.2022,06:15,10052,7782,420
13.11.2022,06:30,10134,7870,314
13.11.2022,06:45,10204,7926,285
13.11.2022,07:00,10393,8077,205
13.11.2022,07:15,10421,8108,139
13.11.2022,07:30,10518,8143,52
13.11.2022,07:45,10723,8247,44
13.11.2022,08:00,10889,8218,48
13.11.2022,08:15,11215,8322,7
13.11.2022,08:30,11411,8266,128
13.11.2022,08:45,11554,8102,188
13.11.2022,09:00,11717,7947,199
13.11.2022,09:15,11772,7676,245
13.11.2022,09:30,12029,7643,284
13.11.2022,09:45,12180,7480,340
13.11.2022,10:00,12306,7345,504
13.11.2022,10:15,12453,7263,489
13.11.2022,10:30,12639,7232,547
13.11.2022,10:45,12855,7245,628
13.11.2022,11:00,12953,7218,541
13.11.2022,11:15,13114,7263,637
13.11.2022,11:30,13176,7225,645
13.11.2022,11:45,13281,7260,772
13.11.2022,12:00,13338,7275,792
13.11.2022,12:15,13330,7279,879
13.11.2022,12:30,13215,7204,987
13.11.2022,12:45,13006,7070,1091
13.11.2022,13:00,12852,7003,1202
13.11.2022,13:15,12712,6999,1181
13.11.2022,13:30,12550,7002,1160
13.11.2022,13:45,12487,7131,1036
13.11.2022,14:00,12510,7393,974
13.11.2022,14:15,12390,7540,724
13.11.2022,14:30,12280,7699,511
13.11.2022,14:45,12157,7856,325
13.11.2022,15:00,12325,8298,568
13.11.2022,15:15,12168,8433,238
13.11.2022,15:30,12141,8662,107
13.11.2022,15:45,12231,8907,75
13.11.2022,16:00,12297,9009,105
13.11.2022,16:15,12326,9003,50
13.11.2022,16:30,12485,9021,32
13.11.2022,16:45,12648,9009,45
13.11.2022,17:00,12937,9104,44
13.11.2022,17:15,13220,9185,41
13.11.2022,17:30,13414,9179,44
13.11.2022,17:45,13517,9165,42
13.11.2022,18:00,13746,9322,41
13.11.2022,18:15,13639,9193,41
13.11.2022,18:30,13724,9189,40
13.11.2022,18:45,13615,8992,29
13.11.2022,19:00,13546,8832,43
13.11.2022,19:15,13407,8620,8
13.11.2022,19:30,13283,8527,7
13.11.2022,19:45,13114,8371,31
13.11.2022,20:00,12967,8140,45
13.11.2022,20:15,12792,7917,7
13.11.2022,20:30,12567,7659,74
13.11.2022,20:45,12507,7578,294
13.11.2022,21:00,12452,7477,303
13.11.2022,21:15,12434,7432,444
13.11.2022,21:30,12414,7341,596
13.11.2022,21:45,12434,7402,595
13.11.2022,22:00,12440,7398,393
13.11.2022,22:15,12379,7304,423
13.11.2022,22:30,12317,7331,471
13.11.2022,22:45,12282,7285,650
13.11.2022,23:00,12191,7195,720
13.11.2022,23:15,11962,7011,854
13.11.2022,23:30,11930,6986,897
13.11.2022,23:45,11850,6914,1053
14.11.2022,00:00,11652,6875,1220
14.11.2022,00:15,11548,6785,1284
14.11.2022,00:30,11489,6639,1322
14.11.2022,00:45,11411,6577,1373
14.11.2022,01:00,11279,6475,1331
14.11.2022,01:15,11252,6449,1419
14.11.2022,01:30,11117,6317,1420
14.11.2022,01:45,10951,6120,1599
14.11.2022,02:00,10891,6057,1496
14.11.2022,02:15,10858,6045,1499
14.11.2022,02:30,10946,6156,1497
14.11.2022,02:45,10904,6100,1512
14.11.2022,03:00,10924,6110,1636
14.11.2022,03:15,10987,6185,1623
14.11.2022,03:30,11131,6302,1526
14.11.2022,03:45,11096,6274,1544
14.11.2022,04:00,11256,6374,1487
14.11.2022,04:15,11362,6455,1497
14.11.2022,04:30,11543,6657,1329
14.11.2022,04:45,11708,6861,1236
14.11.2022,05:00,12175,7409,925
14.11.2022,05:15,12261,7526,833
14.11.2022,05:30,12472,7757,457
14.11.2022,05:45,12824,8096,178
14.11.2022,06:00,13700,8958,279
14.11.2022,06:15,13906,9163,6
14.11.2022,06:30,14348,9605,3
14.11.2022,06:45,14698,10003,40
14.11.2022,07:00,15164,10563,3
14.11.2022,07:15,15388,10783,40
14.11.2022,07:30,15548,10875,41
14.11.2022,07:45,15697,10849,41
14.11.2022,08:00,15854,10835,41
14.11.2022,08:15,16125,10951,41
14.11.2022,08:30,16409,11070,4
14.11.2022,08:45,16504,10911,1
14.11.2022,09:00,16326,10484,23
14.11.2022,09:15,16442,10334,23
14.11.2022,09:30,16397,10091,20
14.11.2022,09:45,16593,10048,20
14.11.2022,10:00,16798,9999,21
14.11.2022,10:15,16514,9586,36
14.11.2022,10:30,16582,9433,180
14.11.2022,10:45,16701,9365,328
14.11.2022,11:00,16722,9283,262
14.11.2022,11:15,16949,9482,303
14.11.2022,11:30,17108,9588,443
14.11.2022,11:45,17127,9643,526
14.11.2022,12:00,17083,9679,302
14.11.2022,12:15,16958,9628,327
14.11.2022,12:30,16990,9794,263
14.11.2022,12:45,16848,9802,174
14.11.2022,13:00,16740,9849,47
14.11.2022,13:15,16578,9853,6
14.11.2022,13:30,16491,9963,5
14.11.2022,13:45,16464,10089,23
14.11.2022,14:00,16462,10370,5
14.11.2022,14:15,16445,10562,22
14.11.2022,14:30,16447,10837,3
14.11.2022,14:45,16192,10892,1
14.11.2022,15:00,16242,11201,40
14.11.2022,15:15,16041,11219,2
14.11.2022,15:30,15717,11134,39
14.11.2022,15:45,15572,11086,43
14.11.2022,16:00,15766,11319,77
14.11.2022,16:15,15765,11151,89
14.11.2022,16:30,15888,11025,120
14.11.2022,16:45,16100,10999,129
14.11.2022,17:00,16423,11048,106
14.11.2022,17:15,16069,10479,103
14.11.2022,17:30,16565,10748,95
14.11.2022,17:45,16385,10425,99
14.11.2022,18:00,16590,10596,36
14.11.2022,18:15,16465,10401,38
14.11.2022,18:30,16366,10216,41
14.11.2022,18:45,16279,10070,62
14.11.2022,19:00,16256,10030,91
14.11.2022,19:15,16168,9975,53
14.11.2022,19:30,15988,9859,89
14.11.2022,19:45,15893,9797,161
14.11.2022,20:00,15543,9415,83
14.11.2022,20:15,15240,9188,165
14.11.2022,20:30,15093,9191,240
14.11.2022,20:45,14902,9117,210
14.11.2022,21:00,14612,8904,97
14.11.2022,21:15,14479,8854,111
14.11.2022,21:30,14328,8796,260
14.11.2022,21:45,14067,8598,413
14.11.2022,22:00,13848,8482,122
14.11.2022,22:15,13543,8265,207
14.11.2022,22:30,13366,8218,213
14.11.2022,22:45,13300,8262,438
14.11.2022,23:00,12953,7980,494
14.11.2022,23:15,12805,7943,559
14.11.2022,23:30,12740,7989,621
14.11.2022,23:45,12667,7992,747
15.11.2022,00:00,12390,7758,584
15.11.2022,00:15,12351,7747,619
15.11.2022,00:30,12120,7494,698
15.11.2022,00:45,11994,7383,849
15.11.2022,01:00,12064,7507,1104
15.11.2022,01:15,11981,7456,1202
15.11.2022,01:30,11934,7469,1262
15.11.2022,01:45,11944,7524,1260
15.11.2022,02:00,11813,7423,1388
15.11.2022,02:15,11817,7471,1369
15.11.2022,02:30,11766,7445,1456
15.11.2022,02:45,11727,7418,1401
15.11.2022,03:00,11744,7494,1559
15.11.2022,03:15,11729,7472,1554
15.11.2022,03:30,11793,7583,1582
15.11.2022,03:45,11790,7640,1562
15.11.2022,04:00,11925,7811,1669
15.11.2022,04:15,12050,7932,1637
15.11.2022,04:30,12201,8098,1560
15.11.2022,04:45,12364,8254,1556
15.11.2022,05:00,12689,8619,1589
15.11.2022,05:15,12902,8889,1511
15.11.2022,05:30,13165,9225,1263
15.11.2022,05:45,13467,9590,992
15.11.2022,06:00,14041,10153,611
15.11.2022,06:15,14354,10499,131
15.11.2022,06:30,14681,10854,32
15.11.2022,06:45,14947,11193,2
15.11.2022,07:00,15157,11449,3
15.11.2022,07:15,15364,11733,2
15.11.2022,07:30,15517,11883,1
15.11.2022,07:45,15678,11896,1
15.11.2022,08:00,15857,11905,1
15.11.2022,08:15,16135,12006,1
15.11.2022,08:30,16183,11800,0
15.11.2022,08:45,16210,11562,1
15.11.2022,09:00,16166,11277,2
15.11.2022,09:15,16180,11060,33
15.11.2022,09:30,16231,10838,135
15.11.2022,09:45,16369,10724,326
15.11.2022,10:00,16335,10588,229
15.11.2022,10:15,16371,10536,307
15.11.2022,10:30,16415,10485,346
15.11.2022,10:45,16493,10400,432
15.11.2022,11:00,16501,10381,356
15.11.2022,11:15,16504,10322,351
15.11.2022,11:30,16510,10288,409
15.11.2022,11:45,16446,10186,414
15.11.2022,12:00,16338,10039,453
15.11.2022,12:15,16317,10106,491
15.11.2022,12:30,16310,10159,477
15.11.2022,12:45,16435,10406,378
15.11.2022,13:00,16386,10539,223
15.11.2022,13:15,16367,10790,144
15.11.2022,13:30,16282,10987,124
15.11.2022,13:45,16198,11184,69
15.11.2022,14:00,16219,11568,67
15.11.2022,14:15,16242,11912,11
15.11.2022,14:30,16211,12230,23
15.11.2022,14:45,16182,12530,26
15.11.2022,15:00,16355,12986,20
15.11.2022,15:15,16279,13170,26
15.11.2022,15:30,16158,13217,30
15.11.2022,15:45,16039,13189,40
15.11.2022,16:00,16133,13230,34
15.11.2022,16:15,16097,12976,32
15.11.2022,16:30,16170,12700,27
15.11.2022,16:45,16337,12504,40
15.11.2022,17:00,16594,12533,40
15.11.2022,17:15,16642,12284,40
15.11.2022,17:30,16732,12046,40
15.11.2022,17:45,16790,11839,40
15.11.2022,18:00,16682,11588,57
15.11.2022,18:15,16579,11322,104
15.11.2022,18:30,16529,11119,129
15.11.2022,18:45,16608,11028,116
15.11.2022,19:00,16690,10930,76
15.11.2022,19:15,16473,10648,40
15.11.2022,19:30,16346,10504,145
15.11.2022,19:45,16119,10317,149
15.11.2022,20:00,15725,10053,83
15.11.2022,20:15,15437,9769,187
15.11.2022,20:30,15199,9530,228
15.11.2022,20:45,15008,9373,306
15.11.2022,21:00,14649,8996,207
15.11.2022,21:15,14432,8773,192
15.11.2022,21:30,14242,8628,340
15.11.2022,21:45,14046,8459,408
15.11.2022,22:00,13953,8345,226
15.11.2022,22:15,13877,8213,304
15.11.2022,22:30,13654,7984,224
15.11.2022,22:45,13343,7682,422
15.11.2022,23:00,13352,7642,798
15.11.2022,23:15,13219,7479,930
15.11.2022,23:30,13035,7283,1125
15.11.2022,23:45,12749,6963,1282
16.11.2022,00:00,12431,6764,1262
16.11.2022,00:15,12299,6668,1199
16.11.2022,00:30,12191,6543,1308
16.11.2022,00:45,12109,6467,1462
16.11.2022,01:00,11988,6343,1412
16.11.2022,01:15,11853,6185,1495
16.11.2022,01:30,11931,6218,1628
16.11.2022,01:45,11944,6215,1652
16.11.2022,02:00,11954,6293,1523
16.11.2022,02:15,11951,6281,1541
16.11.2022,02:30,11961,6263,1498
16.11.2022,02:45,11987,6311,1476
16.11.2022,03:00,12085,6401,1577
16.11.2022,03:15,12126,6412,1578
16.11.2022,03:30,12153,6424,1571
16.11.2022,03:45,12218,6486,1555
16.11.2022,04:00,12329,6566,1595
16.11.2022,04:15,12391,6585,1538
16.11.2022,04:30,12513,6644,1565
16.11.2022,04:45,12664,6823,1480
16.11.2022,05:00,12908,6985,1612
16.11.2022,05:15,13004,7064,1575
16.11.2022,05:30,13261,7260,1348
16.11.2022,05:45,13606,7565,1191
16.11.2022,06:00,14263,8021,1067
16.11.2022,06:15,14551,8363,493
16.11.2022,06:30,14682,8466,186
16.11.2022,06:45,14973,8756,104
16.11.2022,07:00,15542,9499,3
16.11.2022,07:15,15781,9812,2
16.11.2022,07:30,15893,10013,2
16.11.2022,07:45,16011,10133,2
16.11.2022,08:00,16354,10407,6
16.11.2022,08:15,16521,10632,17
16.11.2022,08:30,16549,10631,5
16.11.2022,08:45,16529,10593,5
16.11.2022,09:00,16405,10423,4
16.11.2022,09:15,16490,10515,4
16.11.2022,09:30,16518,10573,2
16.11.2022,09:45,16627,10620,2
16.11.2022,10:00,16616,10625,4
16.11.2022,10:15,17766,11682,6
16.11.2022,10:30,17828,11694,13
16.11.2022,10:45,16890,10779,3
16.11.2022,11:00,16951,10739,7
16.11.2022,11:15,17119,10813,7
16.11.2022,11:30,17073,10642,33
16.11.2022,11:45,16860,10333,7
16.11.2022,12:00,16738,10009,11
16.11.2022,12:15,16758,9991,89
16.11.2022,12:30,16720,9950,124
16.11.2022,12:45,16908,10263,215
16.11.2022,13:00,16958,10303,325
16.11.2022,13:15,16793,10271,213
16.11.2022,13:30,16649,10262,199
16.11.2022,13:45,16413,10147,153
16.11.2022,14:00,16360,10273,38
16.11.2022,14:15,16357,10458,27
16.11.2022,14:30,16268,10552,30
16.11.2022,14:45,16280,10703,15
16.11.2022,15:00,16400,10856,28
16.11.2022,15:15,16332,10879,12
16.11.2022,15:30,16262,10911,15
16.11.2022,15:45,16205,10956,8
16.11.2022,16:00,16258,11220,3
16.11.2022,16:15,16376,11259,1
16.11.2022,16:30,16462,11289,1
16.11.2022,16:45,16425,11126,33
16.11.2022,17:00,16671,11206,28
16.11.2022,17:15,16791,11223,41
16.11.2022,17:30,16824,11145,41
16.11.2022,17:45,16863,10989,40
16.11.2022,18:00,16735,10862,40
16.11.2022,18:15,16612,10677,40
16.11.2022,18:30,16548,10502,34
16.11.2022,18:45,16536,10397,12
16.11.2022,19:00,16383,10122,41
16.11.2022,19:15,16222,9906,40
16.11.2022,19:30,16240,9992,19
16.11.2022,19:45,16048,9804,7
16.11.2022,20:00,15798,9469,9
16.11.2022,20:15,15544,9106,31
16.11.2022,20:30,15166,8602,172
16.11.2022,20:45,15029,8463,311
16.11.2022,21:00,14851,8207,230
16.11.2022,21:15,14589,7827,232
16.11.2022,21:30,14383,7516,417
16.11.2022,21:45,14103,7101,762
16.11.2022,22:00,14140,7198,397
16.11.2022,22:15,14112,7119,483
16.11.2022,22:30,14028,6930,633
16.11.2022,22:45,13932,6759,817
16.11.2022,23:00,13554,6434,701
16.11.2022,23:15,13486,6275,919
16.11.2022,23:30,13330,6016,1106
16.11.2022,23:45,13145,5724,1191
17.11.2022,00:00,12869,5500,1440
17.11.2022,00:15,12658,5123,1590
17.11.2022,00:30,12569,4924,1791
17.11.2022,00:45,12435,4749,1958
17.11.2022,01:00,12284,4468,1767
17.11.2022,01:15,12255,4272,1823
17.11.2022,01:30,12158,4095,1852
17.11.2022,01:45,12156,4051,1865
17.11.2022,02:00,12030,3725,1801
17.11.2022,02:15,12121,3743,1841
17.11.2022,02:30,12161,3778,1870
17.11.2022,02:45,12127,3732,1894
17.11.2022,03:00,12127,3765,1877
17.11.2022,03:15,12098,3689,1868
17.11.2022,03:30,12174,3725,1871
17.11.2022,03:45,12170,3739,1866
17.11.2022,04:00,12203,3904,1938
17.11.2022,04:15,12242,3912,1986
17.11.2022,04:30,12465,4083,1905
17.11.2022,04:45,12638,4293,1878
17.11.2022,05:00,12997,4476,1883
17.11.2022,05:15,13211,4490,1861
17.11.2022,05:30,13671,4786,1754
17.11.2022,05:45,14058,5009,1537
17.11.2022,06:00,14870,5418,1628
17.11.2022,06:15,15353,5776,1410
17.11.2022,06:30,15825,6209,1103
17.11.2022,06:45,16186,6692,682
17.11.2022,07:00,16563,6914,549
17.11.2022,07:15,16827,7139,417
17.11.2022,07:30,16878,7157,266
17.11.2022,07:45,16989,7278,159
17.11.2022,08:00,17142,7474,160
17.11.2022,08:15,17312,7580,148
17.11.2022,08:30,17509,7815,147
17.11.2022,08:45,17483,7738,147
17.11.2022,09:00,17510,7646,186
17.11.2022,09:15,17532,7602,172
17.11.2022,09:30,17618,7632,92
17.11.2022,09:45,17763,7763,104
17.11.2022,10:00,17920,7862,201
17.11.2022,10:15,18093,7949,205
17.11.2022,10:30,18075,7958,212
17.11.2022,10:45,18055,7841,284
17.11.2022,11:00,18069,7763,173
17.11.2022,11:15,18361,8020,52
17.11.2022,11:30,18209,7879,94
17.11.2022,11:45,18185,7901,225
17.11.2022,12:00,18105,7874,428
17.11.2022,12:15,17997,7737,475
17.11.2022,12:30,17960,7707,483
17.11.2022,12:45,17970,7784,400
17.11.2022,13:00,18036,7979,414
17.11.2022,13:15,17580,7611,412
17.11.2022,13:30,17072,7324,400
17.11.2022,13:45,17375,7771,472
17.11.2022,14:00,17135,7658,304
17.11.2022,14:15,17053,7797,228
17.11.2022,14:30,17082,8028,120
17.11.2022,14:45,17108,8334,90
17.11.2022,15:00,17032,8463,73
17.11.2022,15:15,16824,8503,54
17.11.2022,15:30,16820,8774,23
17.11.2022,15:45,16812,9001,19
17.11.2022,16:00,16816,9134,25
17.11.2022,16:15,16979,9477,17
17.11.2022,16:30,17048,9641,7
17.11.2022,16:45,17290,9939,21
17.11.2022,17:00,17465,10269,13
17.11.2022,17:15,17454,10366,7
17.11.2022,17:30,17527,10349,7
17.11.2022,17:45,17378,10232,7
17.11.2022,18:00,17328,10237,29
17.11.2022,18:15,17160,10153,8
17.11.2022,18:30,17075,10200,7
17.11.2022,18:45,17023,10206,11
17.11.2022,19:00,16844,10092,27
17.11.2022,19:15,16591,9923,39
17.11.2022,19:30,16539,9875,37
17.11.2022,19:45,16398,9809,36
17.11.2022,20:00,16020,9498,33
17.11.2022,20:15,15754,9274,23
17.11.2022,20:30,15504,9066,25
17.11.2022,20:45,15307,8922,56
17.11.2022,21:00,15050,8813,91
17.11.2022,21:15,14905,8691,41
17.11.2022,21:30,14565,8436,151
17.11.2022,21:45,14402,8403,339
17.11.2022,22:00,14299,8398,117
17.11.2022,22:15,14090,8331,79
17.11.2022,22:30,13778,8073,63
17.11.2022,22:45,13602,8001,140
17.11.2022,23:00,13524,7996,303
17.11.2022,23:15,13255,7802,386
17.11.2022,23:30,13166,7830,520
17.11.2022,23:45,12889,7601,644
18.11.2022,00:00,12538,7316,1151
18.11.2022,00:15,12552,7258,1335
18.11.2022,00:30,12447,7205,1443
18.11.2022,00:45,12491,7305,1495
18.11.2022,01:00,12353,7155,1522
18.11.2022,01:15,12271,7102,1602
18.11.2022,01:30,12288,7203,1597
18.11.2022,01:45,12215,7200,1616
18.11.2022,02:00,12137,7011,1811
18.11.2022,02:15,12126,7107,1769
18.11.2022,02:30,12165,7157,1761
18.11.2022,02:45,12145,7168,1823
18.11.2022,03:00,12205,7269,1970
18.11.2022,03:15,12258,7344,2008
18.11.2022,03:30,12258,7401,1958
18.11.2022,03:45,12216,7355,1899
18.11.2022,04:00,12416,7546,1755
18.11.2022,04:15,12661,7757,1686
18.11.2022,04:30,12831,7896,1651
18.11.2022,04:45,12897,7979,1554
18.11.2022,05:00,12999,8120,1499
18.11.2022,05:15,13267,8404,1460
18.11.2022,05:30,13519,8605,1287
18.11.2022,05:45,13937,9004,1147
18.11.2022,06:00,14489,9625,475
18.11.2022,06:15,14793,9936,190
18.11.2022,06:30,15126,10275,194
18.11.2022,06:45,15598,10640,145
18.11.2022,07:00,15988,10957,143
18.11.2022,07:15,16401,11293,139
18.11.2022,07:30,16521,11400,94
18.11.2022,07:45,16745,11647,106
18.11.2022,08:00,17129,11863,56
18.11.2022,08:15,17339,11917,64
18.11.2022,08:30,17456,11902,51
18.11.2022,08:45,17486,11892,54
18.11.2022,09:00,17296,11539,70
18.11.2022,09:15,17415,11495,53
18.11.2022,09:30,17614,11598,51
18.11.2022,09:45,17712,11555,26
18.11.2022,10:00,17937,11772,18
18.11.2022,10:15,17896,11651,11
18.11.2022,10:30,17663,11346,9
18.11.2022,10:45,17705,11291,8
18.11.2022,11:00,17752,11229,25
18.11.2022,11:15,17812,11247,12
18.11.2022,11:30,16345,9801,19
18.11.2022,11:45,17587,11098,19
18.11.2022,12:00,17580,10990,5
18.11.2022,12:15,17668,11065,9
18.11.2022,12:30,17605,11066,10
18.11.2022,12:45,17549,11082,12
18.11.2022,13:00,17567,11258,3
18.11.2022,13:15,17456,11251,3
18.11.2022,13:30,17222,11208,2
18.11.2022,13:45,16954,11083,2
18.11.2022,14:00,16920,11190,9
18.11.2022,14:15,16915,11343,15
18.11.2022,14:30,16808,11382,1
18.11.2022,14:45,16695,11502,1
18.11.2022,15:00,16746,11804,1
18.11.2022,15:15,16739,12025,10
18.11.2022,15:30,16664,12138,10
18.11.2022,15:45,16733,12332,40
18.11.2022,16:00,16790,12447,11
18.11.2022,16:15,16830,12566,11
18.11.2022,16:30,16858,12609,11
18.11.2022,16:45,17025,12811,11
18.11.2022,17:00,17256,13029,12
18.11.2022,17:15,17346,13093,12
18.11.2022,17:30,17409,13168,12
18.11.2022,17:45,17275,13065,25
18.11.2022,18:00,17115,12751,12
18.11.2022,18:15,16854,12409,12
18.11.2022,18:30,16832,12386,12
18.11.2022,18:45,16737,12326,11
18.11.2022,19:00,16717,12424,9
18.11.2022,19:15,16558,12342,4
18.11.2022,19:30,16405,12286,4
18.11.2022,19:45,15843,11723,73
18.11.2022,20:00,15597,11494,172
18.11.2022,20:15,15482,11450,292
18.11.2022,20:30,15043,11063,365
18.11.2022,20:45,14921,10974,551
18.11.2022,21:00,14731,10735,239
18.11.2022,21:15,14605,10644,301
18.11.2022,21:30,14472,10624,451
18.11.2022,21:45,14412,10656,617
18.11.2022,22:00,14373,10643,390
18.11.2022,22:15,14366,10712,390
18.11.2022,22:30,14138,10555,557
18.11.2022,22:45,13969,10460,645
18.11.2022,23:00,13728,10324,694
18.11.2022,23:15,13507,10135,746
18.11.2022,23:30,13232,9927,942
18.11.2022,23:45,13100,9815,1045
19.11.2022,00:00,12738,9486,590
19.11.2022,00:15,12493,9229,783
19.11.2022,00:30,12246,8995,880
19.11.2022,00:45,12079,8841,1073
19.11.2022,01:00,12084,8802,1144
19.11.2022,01:15,12077,8798,1244
19.11.2022,01:30,12036,8781,1298
19.11.2022,01:45,11978,8738,1435
19.11.2022,02:00,11965,8769,1797
19.11.2022,02:15,11912,8753,1797
19.11.2022,02:30,11838,8702,1764
19.11.2022,02:45,11875,8717,1751
19.11.2022,03:00,11985,8837,1809
19.11.2022,03:15,11846,8755,1868
19.11.2022,03:30,11731,8652,1943
19.11.2022,03:45,11737,8649,2011
19.11.2022,04:00,11780,8668,1963
19.11.2022,04:15,11782,8662,1936
19.11.2022,04:30,11718,8565,1930
19.11.2022,04:45,11745,8572,1928
19.11.2022,05:00,11797,8628,1657
19.11.2022,05:15,11835,8730,1585
19.11.2022,05:30,11914,8866,1483
19.11.2022,05:45,11891,8868,1443
19.11.2022,06:00,11997,8816,1208
19.11.2022,06:15,11964,8814,855
19.11.2022,06:30,12101,8929,773
19.11.2022,06:45,12202,9118,611
19.11.2022,07:00,12362,9372,322
19.11.2022,07:15,12532,9516,241
19.11.2022,07:30,12685,9706,195
19.11.2022,07:45,13016,9960,100
19.11.2022,08:00,13416,10329,160
19.11.2022,08:15,13682,10534,133
19.11.2022,08:30,13913,10696,113
19.11.2022,08:45,14052,10756,61
19.11.2022,09:00,14357,10925,14
19.11.2022,09:15,14496,10923,36
19.11.2022,09:30,14678,11020,36
19.11.2022,09:45,14762,10996,21
19.11.2022,10:00,14923,11094,30
19.11.2022,10:15,14997,11067,60
19.11.2022,10:30,15011,10985,62
19.11.2022,10:45,15093,11101,103
19.11.2022,11:00,15114,11128,117
19.11.2022,11:15,15135,11158,47
19.11.2022,11:30,15121,11218,16
19.11.2022,11:45,15075,11219,4
19.11.2022,12:00,14956,11115,3
19.11.2022,12:15,14886,11050,3
19.11.2022,12:30,14850,11039,3
19.11.2022,12:45,14818,11093,64
19.11.2022,13:00,14774,11151,106
19.11.2022,13:15,14723,11290,15
19.11.2022,13:30,14595,11289,21
19.11.2022,13:45,14505,11365,18
19.11.2022,14:00,14546,11585,142
19.11.2022,14:15,14405,11673,9
19.11.2022,14:30,14378,11886,5
19.11.2022,14:45,14361,12115,4
19.11.2022,15:00,14324,12284,5
19.11.2022,15:15,14338,12493,4
19.11.2022,15:30,14241,12559,1
19.11.2022,15:45,14191,12629,1
19.11.2022,16:00,14201,12696,15
19.11.2022,16:15,14274,12774,10
19.11.2022,16:30,14480,12998,3
19.11.2022,16:45,14686,13180,33
19.11.2022,17:00,14925,13405,7
19.11.2022,17:15,15063,13573,36
19.11.2022,17:30,15116,13617,42
19.11.2022,17:45,15111,13634,42
19.11.2022,18:00,15055,13565,41
19.11.2022,18:15,14988,13502,41
19.11.2022,18:30,14912,13453,36
19.11.2022,18:45,14844,13433,27
19.11.2022,19:00,14667,13309,41
19.11.2022,19:15,14681,13311,32
19.11.2022,19:30,14483,13086,31
19.11.2022,19:45,14348,12973,5
19.11.2022,20:00,14080,12719,81
19.11.2022,20:15,13717,12376,39
19.11.2022,20:30,13644,12327,53
19.11.2022,20:45,13521,12245,15
19.11.2022,21:00,13384,12119,32
19.11.2022,21:15,13263,12012,32
19.11.2022,21:30,13144,11913,32
19.11.2022,21:45,13060,11872,30
19.11.2022,22:00,13042,11855,31
19.11.2022,22:15,12961,11811,10
19.11.2022,22:30,12817,11689,6
19.11.2022,22:45,12674,11536,41
19.11.2022,23:00,12563,11467,23
19.11.2022,23:15,12436,11322,15
19.11.2022,23:30,12315,11200,26
19.11.2022,23:45,12193,11101,156
20.11.2022,00:00,11946,10847,195
20.11.2022,00:15,11800,10675,246
20.11.2022,00:30,11827,10700,464
20.11.2022,00:45,11845,10726,582
20.11.2022,01:00,11634,10501,368
20.11.2022,01:15,11672,10548,471
20.11.2022,01:30,11653,10546,557
20.11.2022,01:45,11515,10401,626
20.11.2022,02:00,11440,10313,562
20.11.2022,02:15,11368,10249,679
20.11.2022,02:30,11330,10254,738
20.11.2022,02:45,11366,10301,815
20.11.2022,03:00,11460,10346,1444
20.11.2022,03:15,11400,10276,1596
20.11.2022,03:30,11421,10289,1543
20.11.2022,03:45,11323,10158,1635
20.11.2022,04:00,11353,10164,1895
20.11.2022,04:15,11248,10055,1956
20.11.2022,04:30,11272,10065,1951
20.11.2022,04:45,11337,10131,1946
20.11.2022,05:00,11376,10122,1877
20.11.2022,05:15,11267,9998,1907
20.11.2022,05:30,11299,9991,1894
20.11.2022,05:45,11298,9972,1873
20.11.2022,06:00,11292,9958,1763
20.11.2022,06:15,11410,10101,1668
20.11.2022,06:30,11660,10338,1351
20.11.2022,06:45,11647,10338,1284
20.11.2022,07:00,11709,10428,857
20.11.2022,07:15,11735,10453,721
20.11.2022,07:30,11772,10444,575
20.11.2022,07:45,11894,10515,482
20.11.2022,08:00,12064,10551,547
20.11.2022,08:15,12195,10569,461
20.11.2022,08:30,12299,10538,447
20.11.2022,08:45,12502,10617,430
20.11.2022,09:00,12670,10672,375
20.11.2022,09:15,12724,10562,410
20.11.2022,09:30,12919,10530,406
20.11.2022,09:45,13121,10550,444
20.11.2022,10:00,13249,10571,217
20.11.2022,10:15,13422,10603,220
20.11.2022,10:30,13617,10660,284
20.11.2022,10:45,12084,9016,309
20.11.2022,11:00,13847,10663,276
20.11.2022,11:15,14062,10782,300
20.11.2022,11:30,14187,10839,283
20.11.2022,11:45,14246,10816,289
20.11.2022,12:00,14162,10672,225
20.11.2022,12:15,14213,10695,293
20.11.2022,12:30,14030,10470,461
20.11.2022,12:45,13981,10465,591
20.11.2022,13:00,13972,10507,500
20.11.2022,13:15,13733,10359,507
20.11.2022,13:30,13681,10431,565
20.11.2022,13:45,13655,10562,551
20.11.2022,14:00,13593,10662,482
20.11.2022,14:15,13414,10677,343
20.11.2022,14:30,13346,10807,228
20.11.2022,14:45,13311,10965,151
20.11.2022,15:00,13346,11184,129
20.11.2022,15:15,13395,11389,57
20.11.2022,15:30,13425,11555,36
20.11.2022,15:45,13430,11696,40
20.11.2022,16:00,13463,11773,130
20.11.2022,16:15,13646,11935,67
20.11.2022,16:30,13897,12101,14
20.11.2022,16:45,14163,12256,67
20.11.2022,17:00,14401,12388,91
20.11.2022,17:15,14461,12372,90
20.11.2022,17:30,14543,12399,83
20.11.2022,17:45,14648,12443,78
20.11.2022,18:00,14763,12521,37
20.11.2022,18:15,14700,12394,37
20.11.2022,18:30,14551,12159,48
20.11.2022,18:45,14495,12008,46
20.11.2022,19:00,14457,11912,37
20.11.2022,19:15,14348,11744,37
20.11.2022,19:30,14211,11631,51
20.11.2022,19:45,14085,11518,55
20.11.2022,20:00,14002,11429,43
20.11.2022,20:15,13678,11080,30
20.11.2022,20:30,13426,10781,31
20.11.2022,20:45,13362,10641,146
20.11.2022,21:00,13426,10686,221
20.11.2022,21:15,13362,10612,216
20.11.2022,21:30,13193,10445,243
20.11.2022,21:45,13069,10312,351
20.11.2022,22:00,13164,10422,427
20.11.2022,22:15,13293,10555,523
20.11.2022,22:30,13042,10307,506
20.11.2022,22:45,13046,10344,651
20.11.2022,23:00,12768,10047,745
20.11.2022,23:15,12823,10103,956
20.11.2022,23:30,12643,9958,1071
20.11.2022,23:45,12468,9821,1256
21.11.2022,00:00,12045,9404,1096
21.11.2022,00:15,11949,9319,1227
21.11.2022,00:30,11891,9303,1290
21.11.2022,00:45,11770,9201,1424
21.11.2022,01:00,11720,9167,1529
21.11.2022,01:15,11776,9221,1550
21.11.2022,01:30,11726,9188,1554
21.11.2022,01:45,11686,9223,1605
21.11.2022,02:00,11645,9250,1684
21.11.2022,02:15,11464,9110,1744
21.11.2022,02:30,11654,9361,1718
21.11.2022,02:45,11638,9393,1694
21.11.2022,03:00,11731,9536,1662
21.11.2022,03:15,11711,9547,1615
21.11.2022,03:30,11829,9683,1583
21.11.2022,03:45,11942,9838,1578
21.11.2022,04:00,12045,9990,1472
21.11.2022,04:15,12132,10117,1337
21.11.2022,04:30,12221,10232,1296
21.11.2022,04:45,12139,10180,1043
21.11.2022,05:00,12635,10702,807
21.11.2022,05:15,12786,10876,613
21.11.2022,05:30,13127,11196,446
21.11.2022,05:45,13543,11591,166
21.11.2022,06:00,14381,12427,221
21.11.2022,06:15,14879,12929,58
21.11.2022,06:30,15220,13252,13
21.11.2022,06:45,15581,13608,22
21.11.2022,07:00,15799,13826,7
21.11.2022,07:15,16073,14075,9
21.11.2022,07:30,16291,14302,44
21.11.2022,07:45,16588,14577,50
21.11.2022,08:00,16852,14813,76
21.11.2022,08:15,16908,14789,77
21.11.2022,08:30,17031,14774,77
21.11.2022,08:45,17128,14689,77
21.11.2022,09:00,17258,14673,45
21.11.2022,09:15,17356,14680,41
21.11.2022,09:30,17481,14678,3
21.11.2022,09:45,17597,14649,1
21.11.2022,10:00,17651,14508,1
21.11.2022,10:15,16543,-,-
21.11.2022,10:30,-,-,-
21.11.2022,10:45,-,-,-
21.11.2022,11:00,-,-,-
21.11.2022,11:15,-,-,-
21.11.2022,11:30,-,-,-
21.11.2022,11:45,-,-,-
21.11.2022,12:00,-,-,-
21.11.2022,12:15,-,-,-
21.11.2022,12:30,-,-,-
21.11.2022,12:45,-,-,-
21.11.2022,13:00,-,-,-
21.11.2022,13:15,-,-,-
21.11.2022,13:30,-,-,-
21.11.2022,13:45,-,-,-
21.11.2022,14:00,-,-,-
21.11.2022,14:15,-,-,-
21.11.2022,14:30,-,-,-
21.11.2022,14:45,-,-,-
21.11.2022,15:00,-,-,-
21.11.2022,15:15,-,-,-
21.11.2022,15:30,-,-,-
21.11.2022,15:45,-,-,-
21.11.2022,16:00,-,-,-
21.11.2022,16:15,-,-,-
21.11.2022,16:30,-,-,-
21.11.2022,16:45,-,-,-
21.11.2022,17:00,-,-,-
21.11.2022,17:15,-,-,-
21.11.2022,17:30,-,-,-
21.11.2022,17:45,-,-,-
21.11.2022,18:00,-,-,-
21.11.2022,18:15,-,-,-
21.11.2022,18:30,-,-,-
21.11.2022,18:45,-,-,-
21.11.2022,19:00,-,-,-
21.11.2022,19:15,-,-,-
21.11.2022,19:30,-,-,-
21.11.2022,19:45,-,-,-
21.11.2022,20:00,-,-,-
21.11.2022,20:15,-,-,-
21.11.2022,20:30,-,-,-
21.11.2022,20:45,-,-,-
21.11.2022,21:00,-,-,-
21.11.2022,21:15,-,-,-
21.11.2022,21:30,-,-,-
21.11.2022,21:45,-,-,-
21.11.2022,22:00,-,-,-
21.11.2022,22:15,-,-,-
21.11.2022,22:30,-,-,-
21.11.2022,22:45,-,-,-
21.11.2022,23:00,-,-,-
21.11.2022,23:15,-,-,-
21.11.2022,23:30,-,-,-
21.11.2022,23:45,-,-,-
22.11.2022,00:00,-,-,-
22.11.2022,00:15,-,-,-
22.11.2022,00:30,-,-,-
22.11.2022,00:45,-,-,-
22.11.2022,01:00,-,-,-
22.11.2022,01:15,-,-,-
22.11.2022,01:30,-,-,-
22.11.2022,01:45,-,-,-
22.11.2022,02:00,-,-,-
22.11.2022,02:15,-,-,-
22.11.2022,02:30,-,-,-
22.11.2022,02:45,-,-,-
22.11.2022,03:00,-,-,-
22.11.2022,03:15,-,-,-
22.11.2022,03:30,-,-,-
22.11.2022,03:45,-,-,-
22.11.2022,04:00,-,-,-
22.11.2022,04:15,-,-,-
22.11.2022,04:30,-,-,-
22.11.2022,04:45,-,-,-
22.11.2022,05:00,-,-,-
22.11.2022,05:15,-,-,-
22.11.2022,05:30,-,-,-
22.11.2022,05:45,-,-,-
22.11.2022,06:00,-,-,-
22.11.2022,06:15,-,-,-
22.11.2022,06:30,-,-,-
22.11.2022,06:45,-,-,-
22.11.2022,07:00,-,-,-
22.11.2022,07:15,-,-,-
22.11.2022,07:30,-,-,-
22.11.2022,07:45,-,-,-
22.11.2022,08:00,-,-,-
22.11.2022,08:15,-,-,-
22.11.2022,08:30,-,-,-
22.11.2022,08:45,-,-,-
22.11.2022,09:00,-,-,-
22.11.2022,09:15,-,-,-
22.11.2022,09:30,-,-,-
22.11.2022,09:45,-,-,-
22.11.2022,10:00,-,-,-
22.11.2022,10:15,-,-,-
22.11.2022,10:30,-,-,-
22.11.2022,10:45,-,-,-
22.11.2022,11:00,-,-,-
22.11.2022,11:15,-,-,-
22.11.2022,11:30,-,-,-
22.11.2022,11:45,-,-,-
22.11.2022,12:00,-,-,-
22.11.2022,12:15,-,-,-
22.11.2022,12:30,-,-,-
22.11.2022,12:45,-,-,-
22.11.2022,13:00,-,-,-
22.11.2022,13:15,-,-,-
22.11.2022,13:30,-,-,-
22.11.2022,13:45,-,-,-
22.11.2022,14:00,-,-,-
22.11.2022,14:15,-,-,-
22.11.2022,14:30,-,-,-
22.11.2022,14:45,-,-,-
22.11.2022,15:00,-,-,-
22.11.2022,15:15,-,-,-
22.11.2022,15:30,-,-,-
22.11.2022,15:45,-,-,-
22.11.2022,16:00,-,-,-
22.11.2022,16:15,-,-,-
22.11.2022,16:30,-,-,-
22.11.2022,16:45,-,-,-
22.11.2022,17:00,-,-,-
22.11.2022,17:15,-,-,-
22.11.2022,17:30,-,-,-
22.11.2022,17:45,-,-,-
22.11.2022,18:00,-,-,-
22.11.2022,18:15,-,-,-
22.11.2022,18:30,-,-,-
22.11.2022,18:45,-,-,-
22.11.2022,19:00,-,-,-
22.11.2022,19:15,-,-,-
22.11.2022,19:30,-,-,-
22.11.2022,19:45,-,-,-
22.11.2022,20:00,-,-,-
22.11.2022,20:15,-,-,-
22.11.2022,20:30,-,-,-
22.11.2022,20:45,-,-,-
22.11.2022,21:00,-,-,-
22.11.2022,21:15,-,-,-
22.11.2022,21:30,-,-,-
22.11.2022,21:45,-,-,-
22.11.2022,22:00,-,-,-
22.11.2022,22:15,-,-,-
22.11.2022,22:30,-,-,-
22.11.2022,22:45,-,-,-
22.11.2022,23:00,-,-,-
22.11.2022,23:15,-,-,-
22.11.2022,23:30,-,-,-
22.11.2022,23:45,-,-,-
